42.6700295738427,-84.6456672063389,2.06,54.835,34.231,190.364,2003-01-08T15:32:08
42.6700295738427,-84.6456852330848,2.05,57.530,-1.000,192.016,2003-01-08T15:32:08
42.6700229465866,-84.6457032598308,2.04,59.003,-1.000,193.030,2003-01-08T15:32:09
42.6700229465866,-84.6457212865767,2.05,58.490,44.180,190.696,2003-01-08T15:32:10
42.6700163193297,-84.6457393133227,2.02,57.664,44.379,188.430,2003-01-08T15:32:13
42.6700096920722,-84.6457483266957,2.02,57.620,44.878,187.912,2003-01-08T15:32:16
42.6700163193297,-84.6457393133227,2.02,58.085,44.972,189.411,2003-01-08T15:32:18
42.6700096920722,-84.6457302999497,1.98,57.935,44.675,189.847,2003-01-08T15:32:22
42.6700163193297,-84.6457212865767,1.96,59.033,44.033,190.043,2003-01-08T15:32:26
42.6700295738427,-84.6457122732037,1.86,61.671,43.996,189.650,2003-01-08T15:32:31
42.6700362010981,-84.6457032598308,1.90,61.273,44.349,187.858,2003-01-08T15:32:34
42.6700428283529,-84.6456942464578,1.91,58.480,45.416,188.875,2003-01-08T15:32:43
42.6700560828602,-84.6456942464578,1.91,59.192,45.782,188.756,2003-01-08T15:32:45
42.6700627101128,-84.6456852330848,1.89,62.728,44.862,188.288,2003-01-08T15:32:47
42.6700693373647,-84.6456762197118,1.90,63.735,45.394,188.397,2003-01-08T15:32:51
42.6700759646159,-84.6456672063389,1.91,63.236,47.136,187.375,2003-01-08T15:32:55
42.6700825918664,-84.6456581929659,1.91,63.181,48.193,187.411,2003-01-08T15:33:02
42.6700892191162,-84.6456491795929,1.89,63.416,47.923,188.155,2003-01-08T15:33:08
42.6700958463652,-84.6456401662199,1.88,61.994,46.130,187.879,2003-01-08T15:33:16
42.6701024736136,-84.645631152847,1.88,60.192,45.519,187.714,2003-01-08T15:33:21
42.6701157281082,-84.645622139474,1.89,59.810,46.047,188.345,2003-01-08T15:33:26
42.6701223553545,-84.645613126101,1.86,59.100,44.311,188.911,2003-01-08T15:33:30
42.6701289826,-84.6456041127281,1.88,63.092,47.771,190.211,2003-01-08T15:33:40
42.6701356098449,-84.6455950993551,1.83,66.938,51.827,190.617,2003-01-08T15:33:44
42.670142237089,-84.6455860859821,1.85,67.048,49.291,190.742,2003-01-08T15:33:52
42.6701488643324,-84.6455770726091,1.78,68.045,48.475,191.534,2003-01-08T15:34:02
42.6701488643324,-84.6455590458632,1.76,68.065,48.969,191.329,2003-01-08T15:34:11
42.6701621188172,-84.6455590458632,1.80,67.010,49.014,191.086,2003-01-08T15:34:22
42.6701621188172,-84.6455410191172,1.78,66.336,45.893,193.168,2003-01-08T15:34:29
42.6701554915752,-84.6455229923713,1.86,64.546,41.581,196.061,2003-01-08T15:34:38
42.670142237089,-84.6455139789983,1.94,66.961,42.653,198.002,2003-01-08T15:34:41
42.6701356098449,-84.6455049656253,2.00,66.541,40.439,198.069,2003-01-08T15:34:44
42.6701289826,-84.6454959522524,2.08,60.124,36.574,196.294,2003-01-08T15:34:46
42.6701223553545,-84.6454869388794,2.08,58.884,43.360,196.109,2003-01-08T15:34:47
42.6701157281082,-84.6454779255064,1.92,56.010,37.701,193.850,2003-01-08T15:34:49
42.6701024736136,-84.6454689121334,1.59,48.799,29.566,187.239,2003-01-08T15:34:51
42.6700892191162,-84.6454598987605,1.51,43.855,25.730,185.934,2003-01-08T15:34:53
42.6700759646159,-84.6454598987605,1.46,44.026,25.409,188.077,2003-01-08T15:34:55
42.6700627101128,-84.6454598987605,1.35,45.246,25.507,189.048,2003-01-08T15:34:58
42.6700560828602,-84.6454508853875,1.32,47.852,25.663,189.483,2003-01-08T15:34:59
42.6700428283529,-84.6454508853875,1.28,49.064,26.761,187.722,2003-01-08T15:35:01
42.6700362010981,-84.6454418720145,1.27,48.646,-1.000,187.904,2003-01-08T15:35:02
42.6700229465866,-84.6454418720145,1.20,50.722,27.460,189.489,2003-01-08T15:35:04
42.6700163193297,-84.6454328586415,1.16,50.429,28.814,189.715,2003-01-08T15:35:06
42.6700030648139,-84.6454328586415,1.04,48.430,31.670,190.360,2003-01-08T15:35:08
42.6699964375549,-84.6454238452686,0.96,46.212,29.997,192.734,2003-01-08T15:35:09
42.6699831830349,-84.6454148318956,0.85,45.693,26.376,195.058,2003-01-08T15:35:12
42.669969928512,-84.6454058185226,0.80,48.091,29.028,195.740,2003-01-08T15:35:13
42.6699633012495,-84.6453968051496,0.73,48.029,28.878,197.049,2003-01-08T15:35:15
42.6699500467223,-84.6453877917767,0.66,45.039,25.156,199.449,2003-01-08T15:35:17
42.6699434194577,-84.6453787784037,0.61,38.769,22.267,198.906,2003-01-08T15:35:19
42.6699367921924,-84.6453697650307,0.55,27.784,12.928,198.576,2003-01-08T15:35:20
42.6699367921924,-84.6453517382848,0.52,15.624,3.315,203.099,2003-01-08T15:35:22
42.6699301649264,-84.6453427249118,0.44,6.198,0.556,202.838,2003-01-08T15:35:23
42.6699301649264,-84.6453246981659,0.51,3.556,0.249,201.056,2003-01-08T15:35:25
42.6699235376596,-84.6453156847929,0.55,8.643,1.680,201.198,2003-01-08T15:35:26
42.6699235376596,-84.6452976580469,0.66,16.839,3.898,199.328,2003-01-08T15:35:30
42.6699301649264,-84.645288644674,0.81,29.908,10.101,198.460,2003-01-08T15:35:32
42.6699367921924,-84.645279631301,0.97,52.932,23.767,198.063,2003-01-08T15:35:37
42.6699367921924,-84.645261604555,0.94,67.503,32.668,198.723,2003-01-08T15:35:40
42.6699434194577,-84.6452525911821,0.94,63.698,32.029,196.697,2003-01-08T15:35:42
42.6699500467223,-84.6452435778091,1.02,53.450,27.566,194.077,2003-01-08T15:35:45
42.6699566739863,-84.6452345644361,0.95,48.891,22.228,195.435,2003-01-08T15:35:50
42.6699566739863,-84.6452165376901,0.87,48.356,19.380,197.279,2003-01-08T15:35:52
42.6699633012495,-84.6452075243172,0.79,37.691,12.840,196.244,2003-01-08T15:35:53
42.6699765557738,-84.6451985109442,0.79,22.194,5.132,194.022,2003-01-08T15:35:55
42.6699831830349,-84.6451894975712,0.75,23.886,6.083,195.164,2003-01-08T15:35:56
42.6699964375549,-84.6451985109442,0.83,40.660,15.287,196.302,2003-01-08T15:35:58
42.6700030648139,-84.6452075243172,0.95,50.436,23.693,195.241,2003-01-08T15:35:59
42.6700030648139,-84.6452255510631,1.04,46.354,22.660,197.210,2003-01-08T15:36:02
42.6699964375549,-84.6452345644361,1.04,44.789,21.007,197.178,2003-01-08T15:36:04
42.6699831830349,-84.6452345644361,0.68,59.590,31.299,196.666,2003-01-08T15:36:10
42.6699765557738,-84.6452435778091,0.70,64.560,34.592,197.495,2003-01-08T15:36:12
42.6699633012495,-84.6452435778091,1.01,60.756,31.298,196.002,2003-01-08T15:36:19
42.6699566739863,-84.6452525911821,0.88,62.707,32.683,196.021,2003-01-08T15:36:22
42.6699434194577,-84.6452525911821,1.05,56.848,27.374,195.184,2003-01-08T15:36:27
42.6699301649264,-84.6452435778091,0.83,51.142,24.379,193.942,2003-01-08T15:36:33
42.6699235376596,-84.6452525911821,0.98,48.951,19.652,196.023,2003-01-08T15:36:36
42.6699169103922,-84.6452435778091,0.90,44.372,14.119,195.578,2003-01-08T15:36:39
42.6699036558551,-84.6452435778091,0.95,42.792,15.961,194.178,2003-01-08T15:36:45
42.6698837740443,-84.6452435778091,0.75,48.411,19.862,195.365,2003-01-08T15:36:47
42.6698638922271,-84.6452435778091,0.84,53.963,25.247,195.420,2003-01-08T15:36:49
42.6698506376788,-84.6452435778091,0.77,54.949,27.585,196.429,2003-01-08T15:36:52
42.6698373831277,-84.6452435778091,0.85,45.941,20.027,196.882,2003-01-08T15:36:52
42.669830755851,-84.6452345644361,0.87,25.391,6.592,196.398,2003-01-08T15:36:54
42.6698175012957,-84.6452435778091,0.85,10.335,0.085,189.111,2003-01-08T15:36:54
42.6698042467374,-84.6452435778091,0.80,9.098,0.317,186.869,2003-01-08T15:36:56
42.6697909921764,-84.6452435778091,0.74,8.723,0.756,191.811,2003-01-08T15:36:57
42.6697777376125,-84.6452525911821,0.55,25.977,9.054,194.875,2003-01-08T15:37:01
42.6697711103295,-84.645261604555,0.68,47.100,21.586,198.427,2003-01-08T15:37:01
42.6697578557614,-84.645270617928,0.74,50.844,26.730,197.001,2003-01-08T15:37:03
42.6697512284763,-84.645288644674,0.86,51.450,26.414,194.776,2003-01-08T15:37:05
42.6697446011905,-84.6452976580469,0.85,51.635,27.468,192.929,2003-01-08T15:37:07
42.669737973904,-84.6453066714199,0.85,55.458,29.554,192.809,2003-01-08T15:37:08
42.6697313466167,-84.6453156847929,0.86,58.648,31.344,193.584,2003-01-08T15:37:09
42.6697247193288,-84.6453246981659,0.85,58.951,31.609,193.901,2003-01-08T15:37:11
42.6697180920401,-84.6453337115388,0.85,57.080,31.070,194.407,2003-01-08T15:37:12
42.6697048374607,-84.6453337115388,0.84,57.977,33.035,191.884,2003-01-08T15:37:14
42.66969821017,-84.6453427249118,0.84,58.839,33.653,190.507,2003-01-08T15:37:15
42.6696849555863,-84.6453517382848,0.87,45.222,23.885,193.244,2003-01-08T15:37:17
42.6696717009998,-84.6453517382848,0.75,41.661,18.335,195.931,2003-01-08T15:37:19
42.6696650737055,-84.6453607516577,0.73,53.945,25.082,196.387,2003-01-08T15:37:20
42.6696584464105,-84.6453697650307,0.84,60.818,32.686,194.906,2003-01-08T15:37:22
42.6696451918184,-84.6453697650307,0.88,61.695,34.837,192.326,2003-01-08T15:37:24
42.6696385645212,-84.6453787784037,0.93,61.837,34.470,190.666,2003-01-08T15:37:25
42.6696186826256,-84.6453787784037,1.01,58.865,32.990,189.037,2003-01-08T15:37:27
42.669605428025,-84.6453787784037,1.00,57.718,31.992,189.718,2003-01-08T15:37:29
42.6695921734216,-84.6453877917767,1.01,60.074,34.533,189.869,2003-01-08T15:37:31
42.6695789188153,-84.6453877917767,0.97,57.411,33.680,188.320,2003-01-08T15:37:33
42.6695722915111,-84.6453968051496,0.99,59.352,34.332,188.808,2003-01-08T15:37:34
42.6695590369006,-84.6453968051496,0.98,64.041,35.807,190.557,2003-01-08T15:37:36
42.6695524095943,-84.6454058185226,1.02,66.752,38.172,192.829,2003-01-08T15:37:37
42.6695391549796,-84.6454058185226,1.04,66.026,40.702,192.127,2003-01-08T15:37:38
42.669525900362,-84.6454148318956,0.95,64.496,38.461,190.990,2003-01-08T15:37:40
42.6695126457416,-84.6454148318956,0.88,61.641,35.106,190.570,2003-01-08T15:37:42
42.6694993911184,-84.6454238452686,0.95,59.466,33.446,190.602,2003-01-08T15:37:43
42.6694861364923,-84.6454238452686,1.00,59.451,32.431,189.913,2003-01-08T15:37:45
42.6694795091782,-84.6454328586415,1.05,58.111,32.419,189.155,2003-01-08T15:37:46
42.6694728818634,-84.6454418720145,1.07,58.772,32.904,189.837,2003-01-08T15:37:47
42.6694662545479,-84.6454508853875,1.07,62.354,35.385,189.522,2003-01-08T15:37:48
42.6694596272317,-84.6454598987605,1.11,63.011,36.205,189.745,2003-01-08T15:37:49
42.6694596272317,-84.6454779255064,1.14,59.852,34.790,189.395,2003-01-08T15:37:50
42.6694529999148,-84.6455049656253,1.23,54.401,34.773,186.542,2003-01-08T15:37:52
42.6694463725972,-84.6455229923713,1.33,49.732,-1.000,184.672,2003-01-08T15:37:54
42.6694397452789,-84.6455320057443,1.37,49.502,-1.000,186.249,2003-01-08T15:37:55
42.6694331179598,-84.6455410191172,1.34,49.985,21.885,186.522,2003-01-08T15:37:57
42.6694264906401,-84.6455590458632,1.40,48.296,21.915,184.397,2003-01-08T15:37:59
42.6694198633196,-84.6455680592362,1.46,46.924,24.541,183.587,2003-01-08T15:38:01
42.6694264906401,-84.6455950993551,1.44,45.898,26.853,184.260,2003-01-08T15:38:03
42.6694331179598,-84.645613126101,1.34,49.664,27.213,185.993,2003-01-08T15:38:05
42.6694397452789,-84.6456401662199,1.41,52.123,27.842,187.526,2003-01-08T15:38:07
42.6694463725972,-84.6456491795929,1.40,50.637,27.849,187.754,2003-01-08T15:38:08
42.6694463725972,-84.6456762197118,1.41,51.028,28.130,188.596,2003-01-08T15:38:10
42.6694529999148,-84.6456942464578,1.42,53.208,31.016,189.977,2003-01-08T15:38:12
42.6694662545479,-84.6457122732037,1.42,54.558,31.628,190.005,2003-01-08T15:38:13
42.6694861364923,-84.6457212865767,1.42,51.860,29.078,190.685,2003-01-08T15:38:14
42.6694927638057,-84.6457302999497,1.48,49.004,29.307,191.051,2003-01-08T15:38:15
42.6694993911184,-84.6457483266957,1.46,49.589,28.411,191.250,2003-01-08T15:38:16
42.6695126457416,-84.6457573400686,1.53,49.967,26.354,190.764,2003-01-08T15:38:19
42.6695325276711,-84.6457483266957,1.56,48.235,25.479,188.969,2003-01-08T15:38:21
42.6695391549796,-84.6457393133227,1.57,47.095,25.640,188.603,2003-01-08T15:38:22
42.6695457822873,-84.6457302999497,1.56,45.387,24.828,189.143,2003-01-08T15:38:23
42.6695524095943,-84.6457212865767,1.57,44.615,24.008,187.599,2003-01-08T15:38:24
42.6695590369006,-84.6457032598308,1.58,41.991,22.738,185.554,2003-01-08T15:38:26
42.6695656642062,-84.6456942464578,1.59,40.527,21.597,183.826,2003-01-08T15:38:27
42.6695722915111,-84.6456852330848,1.56,42.920,21.453,182.763,2003-01-08T15:38:28
42.6695789188153,-84.6456762197118,1.58,44.260,21.004,183.592,2003-01-08T15:38:29
42.6695855461188,-84.6456672063389,1.60,43.774,21.257,183.313,2003-01-08T15:38:30
42.6695988007236,-84.6456581929659,1.62,46.359,23.864,185.050,2003-01-08T15:38:32
42.669605428025,-84.6456401662199,1.67,51.015,27.100,187.056,2003-01-08T15:38:34
42.6696186826256,-84.645631152847,1.69,51.441,27.720,186.336,2003-01-08T15:38:35
42.6696319372234,-84.645622139474,1.67,50.548,27.458,186.299,2003-01-08T15:38:37
42.6696385645212,-84.645613126101,1.68,50.178,26.889,186.037,2003-01-08T15:38:38
42.6696451918184,-84.6456041127281,1.67,49.805,26.544,187.154,2003-01-08T15:38:40
42.6696518191148,-84.6455950993551,1.66,47.687,26.688,188.409,2003-01-08T15:38:41
42.6696650737055,-84.6455950993551,1.58,48.141,29.170,188.383,2003-01-08T15:38:43
42.6696717009998,-84.6455860859821,1.51,47.769,30.245,187.165,2003-01-08T15:38:44
42.6696783282934,-84.6455680592362,1.35,45.975,30.649,184.876,2003-01-08T15:38:46
42.6696849555863,-84.6455590458632,1.25,45.246,31.299,182.116,2003-01-08T15:38:47
42.6696915828785,-84.6455500324902,1.12,40.727,28.244,175.512,2003-01-08T15:38:49
42.66969821017,-84.6455320057443,0.98,38.051,22.960,179.899,2003-01-08T15:38:49
42.6697048374607,-84.6455229923713,0.77,40.960,22.693,193.152,2003-01-08T15:38:50
42.6697114647508,-84.6455139789983,0.69,40.357,23.042,201.745,2003-01-08T15:38:51
42.6697114647508,-84.6454959522524,0.60,33.360,18.565,202.854,2003-01-08T15:38:52
42.6697180920401,-84.6454869388794,0.48,26.508,12.005,207.848,2003-01-08T15:38:53
42.6697247193288,-84.6454779255064,0.33,14.164,4.138,225.078,2003-01-08T15:38:55
42.6697247193288,-84.6454598987605,0.26,3.347,0.766,229.506,2003-01-08T15:38:55
42.6697247193288,-84.6454418720145,0.30,12.463,11.573,212.157,2003-01-08T15:38:57
42.6697313466167,-84.6454328586415,0.52,40.724,26.767,196.812,2003-01-08T15:38:57
42.669737973904,-84.6454148318956,1.12,61.659,36.558,192.511,2003-01-08T15:38:58
42.6697446011905,-84.6453968051496,1.40,63.524,41.333,189.390,2003-01-08T15:39:00
42.6697512284763,-84.6453877917767,1.41,61.508,42.354,187.137,2003-01-08T15:39:01
42.6697512284763,-84.6453697650307,1.40,59.808,44.291,185.265,2003-01-08T15:39:02
42.6697578557614,-84.6453607516577,1.31,55.215,39.277,182.558,2003-01-08T15:39:04
42.6697644830458,-84.6453517382848,1.22,55.106,33.996,185.571,2003-01-08T15:39:04
42.6697711103295,-84.6453427249118,0.98,53.534,27.717,191.578,2003-01-08T15:39:05
42.6697777376125,-84.6453337115388,0.93,50.729,24.442,193.409,2003-01-08T15:39:06
42.6697843648948,-84.6453156847929,0.79,49.519,25.077,193.317,2003-01-08T15:39:08
42.6697976194572,-84.6453066714199,0.90,49.447,24.717,194.432,2003-01-08T15:39:11
42.6698042467374,-84.6452976580469,0.89,50.118,24.953,196.357,2003-01-08T15:39:11
42.6698108740169,-84.645288644674,0.80,47.775,22.048,197.347,2003-01-08T15:39:12
42.6698175012957,-84.645279631301,0.73,45.090,19.673,197.129,2003-01-08T15:39:13
42.6698241285737,-84.645270617928,0.86,41.380,16.800,195.486,2003-01-08T15:39:14
42.6698373831277,-84.645261604555,0.89,37.184,12.144,193.800,2003-01-08T15:39:16
42.6698440104036,-84.6452525911821,0.84,39.714,14.755,193.810,2003-01-08T15:39:17
42.6698572649533,-84.6452435778091,0.85,32.741,11.242,195.817,2003-01-08T15:39:19
42.6698638922271,-84.6452345644361,0.86,18.041,2.015,197.459,2003-01-08T15:39:20
42.6698705195002,-84.6452255510631,0.76,29.803,10.694,197.470,2003-01-08T15:39:22
42.6698904013153,-84.6452255510631,0.74,39.046,15.024,197.127,2003-01-08T15:39:24
42.6698970285856,-84.6452345644361,0.77,32.896,8.942,197.181,2003-01-08T15:39:25
42.6699036558551,-84.6452435778091,0.74,36.020,10.707,195.697,2003-01-08T15:39:26
42.6699036558551,-84.645261604555,0.81,50.888,19.677,195.970,2003-01-08T15:39:28
42.6699036558551,-84.645279631301,0.95,59.938,28.425,195.449,2003-01-08T15:39:29
42.6698904013153,-84.645288644674,1.05,59.529,32.705,193.993,2003-01-08T15:39:31
42.6698771467726,-84.645288644674,1.09,58.080,34.307,192.984,2003-01-08T15:39:33
42.6698705195002,-84.6452976580469,1.08,44.101,21.327,192.028,2003-01-08T15:39:35
42.6698572649533,-84.6452976580469,0.85,38.529,11.508,192.072,2003-01-08T15:39:37
42.6698440104036,-84.6452976580469,0.80,46.760,16.844,191.948,2003-01-08T15:39:39
42.669830755851,-84.6453066714199,0.91,44.549,15.515,191.805,2003-01-08T15:39:42
42.6698175012957,-84.6453066714199,0.84,33.690,8.750,192.242,2003-01-08T15:39:44
42.6698042467374,-84.6453066714199,0.88,36.327,11.359,193.802,2003-01-08T15:39:46
42.6697909921764,-84.6453066714199,0.83,48.322,19.593,196.075,2003-01-08T15:39:48
42.6697843648948,-84.6453156847929,0.88,53.275,24.225,196.377,2003-01-08T15:39:49
42.6697711103295,-84.6453156847929,0.85,56.662,28.465,194.806,2003-01-08T15:39:51
42.6697578557614,-84.6453246981659,0.76,59.610,30.362,194.871,2003-01-08T15:39:53
42.6697446011905,-84.6453246981659,0.86,54.167,27.424,194.547,2003-01-08T15:39:55
42.669737973904,-84.6453337115388,0.85,53.927,28.824,193.692,2003-01-08T15:39:56
42.6697247193288,-84.6453337115388,0.85,56.282,29.566,192.997,2003-01-08T15:39:59
42.6697114647508,-84.6453427249118,0.86,45.724,21.596,194.004,2003-01-08T15:40:00
42.66969821017,-84.6453427249118,0.75,48.204,25.213,194.881,2003-01-08T15:40:02
42.6696849555863,-84.6453427249118,0.73,51.465,27.126,196.331,2003-01-08T15:40:04
42.6696783282934,-84.6453517382848,0.74,41.760,16.082,197.556,2003-01-08T15:40:04
42.6696650737055,-84.6453517382848,0.77,43.352,17.941,196.067,2003-01-08T15:40:07
42.6696518191148,-84.6453517382848,0.92,52.105,27.659,194.249,2003-01-08T15:40:08
42.6696385645212,-84.6453517382848,0.91,57.381,31.947,193.134,2003-01-08T15:40:09
42.6696253099249,-84.6453517382848,0.90,55.287,31.797,192.384,2003-01-08T15:40:11
42.6696120553257,-84.6453517382848,0.82,52.208,33.104,192.390,2003-01-08T15:40:14
42.6695988007236,-84.6453517382848,0.80,56.520,37.387,194.980,2003-01-08T15:40:15
42.6695855461188,-84.6453517382848,0.74,58.804,36.260,197.669,2003-01-08T15:40:17
42.6695722915111,-84.6453517382848,0.71,56.264,33.411,197.337,2003-01-08T15:40:17
42.6695590369006,-84.6453607516577,0.67,53.422,33.075,197.736,2003-01-08T15:40:19
42.6695457822873,-84.6453607516577,0.66,51.878,30.546,198.549,2003-01-08T15:40:21
42.6695325276711,-84.6453607516577,0.65,48.855,27.020,197.925,2003-01-08T15:40:22
42.6695192730521,-84.6453607516577,0.64,47.642,25.716,197.157,2003-01-08T15:40:24
42.6695126457416,-84.6453697650307,0.66,50.918,27.279,196.051,2003-01-08T15:40:25
42.6694927638057,-84.6453697650307,0.66,52.766,28.538,195.879,2003-01-08T15:40:27
42.6694795091782,-84.6453697650307,0.67,52.914,28.613,195.454,2003-01-08T15:40:29
42.6694662545479,-84.6453787784037,0.69,54.492,29.534,195.370,2003-01-08T15:40:30
42.6694529999148,-84.6453877917767,0.74,55.958,32.135,196.805,2003-01-08T15:40:32
42.6694463725972,-84.6453968051496,0.70,54.807,32.792,196.973,2003-01-08T15:40:34
42.6694331179598,-84.6453968051496,0.70,56.081,32.426,195.652,2003-01-08T15:40:34
42.6694264906401,-84.6454058185226,0.80,59.856,32.339,194.749,2003-01-08T15:40:36
42.6694132359985,-84.6454148318956,0.93,58.213,29.907,192.763,2003-01-08T15:40:38
42.6694066086767,-84.6454238452686,1.03,56.810,30.131,192.525,2003-01-08T15:40:38
42.6693999813541,-84.6454328586415,0.95,56.850,28.414,193.593,2003-01-08T15:40:39
42.6693933540308,-84.6454418720145,1.06,57.502,28.623,191.508,2003-01-08T15:40:40
42.6693800993821,-84.6454508853875,1.22,59.120,31.344,190.160,2003-01-08T15:40:42
42.6693734720568,-84.6454598987605,1.26,58.316,-1.000,189.437,2003-01-08T15:40:43
42.6693668447307,-84.6454779255064,1.38,57.921,23.977,187.969,2003-01-08T15:40:45
42.6693602174038,-84.6454869388794,1.49,55.740,26.240,184.836,2003-01-08T15:40:47
42.6693469627481,-84.6454869388794,1.57,52.629,28.109,181.544,2003-01-08T15:40:50
42.6693337080896,-84.6454959522524,1.57,54.848,28.733,182.574,2003-01-08T15:40:52
42.6693204534282,-84.6454869388794,1.49,57.147,30.068,183.890,2003-01-08T15:40:54
42.669307198764,-84.6454779255064,1.69,57.441,33.831,187.543,2003-01-08T15:40:57
42.6693005714308,-84.6454689121334,1.55,58.398,36.190,189.093,2003-01-08T15:41:00
42.6692939440969,-84.6454598987605,1.67,54.784,34.856,186.728,2003-01-08T15:41:01
42.6692939440969,-84.6454418720145,1.52,50.449,31.713,186.258,2003-01-08T15:41:02
42.6693005714308,-84.6454238452686,1.38,42.768,24.774,174.265,2003-01-08T15:41:03
42.669307198764,-84.6454148318956,1.27,33.441,19.918,159.299,2003-01-08T15:41:04
42.6693138260964,-84.6454058185226,1.12,34.348,19.224,164.013,2003-01-08T15:41:05
42.6693204534282,-84.6454148318956,0.88,50.150,23.312,182.572,2003-01-08T15:41:07
42.6693337080896,-84.6454148318956,0.89,60.306,29.142,192.590,2003-01-08T15:41:08
42.6693403354192,-84.6454058185226,0.86,54.853,25.246,192.486,2003-01-08T15:41:09
42.6693535900763,-84.6454058185226,0.80,50.930,21.129,192.963,2003-01-08T15:41:11
42.6693668447307,-84.6454058185226,0.71,46.335,20.302,192.758,2003-01-08T15:41:14
42.6693734720568,-84.6453968051496,0.67,43.259,19.053,193.536,2003-01-08T15:41:14
42.6693867267068,-84.6453968051496,0.65,35.915,14.184,194.498,2003-01-08T15:41:16
42.6693933540308,-84.6453877917767,0.61,32.115,12.773,195.404,2003-01-08T15:41:17
42.6694066086767,-84.6453877917767,0.57,31.668,14.594,197.507,2003-01-08T15:41:18
42.6694198633196,-84.6453787784037,0.46,27.894,11.463,201.181,2003-01-08T15:41:20
42.6694331179598,-84.6453697650307,0.38,27.122,9.231,204.327,2003-01-08T15:41:22
42.6694463725972,-84.6453697650307,0.37,29.059,9.932,201.232,2003-01-08T15:41:24
42.6694596272317,-84.6453607516577,0.47,32.540,12.982,197.329,2003-01-08T15:41:26
42.6694728818634,-84.6453517382848,0.51,32.461,12.077,196.399,2003-01-08T15:41:28
42.6694861364923,-84.6453517382848,0.56,33.306,12.336,196.884,2003-01-08T15:41:30
42.6694993911184,-84.6453517382848,0.55,35.907,15.386,196.798,2003-01-08T15:41:31
42.6695060184303,-84.6453427249118,0.58,42.768,20.800,195.935,2003-01-08T15:41:32
42.669525900362,-84.6453427249118,0.61,45.946,22.438,197.709,2003-01-08T15:41:34
42.6695391549796,-84.6453427249118,0.61,43.949,22.173,199.146,2003-01-08T15:41:36
42.6695590369006,-84.6453427249118,0.62,48.920,28.052,197.989,2003-01-08T15:41:38
42.6695789188153,-84.6453427249118,0.71,56.476,32.820,196.472,2003-01-08T15:41:40
42.6695921734216,-84.6453427249118,0.77,60.188,34.947,193.682,2003-01-08T15:41:43
42.669605428025,-84.6453337115388,0.82,60.008,35.225,191.890,2003-01-08T15:41:43
42.6696253099249,-84.6453337115388,0.92,56.816,30.857,191.871,2003-01-08T15:41:45
42.6696385645212,-84.6453246981659,0.92,52.362,25.765,189.810,2003-01-08T15:41:46
42.6696584464105,-84.6453246981659,0.96,52.900,27.097,188.411,2003-01-08T15:41:48
42.6696650737055,-84.6453156847929,0.93,58.240,33.756,191.118,2003-01-08T15:41:49
42.6696849555863,-84.6453156847929,0.86,60.502,37.764,193.398,2003-01-08T15:41:52
42.6696915828785,-84.6453066714199,0.84,60.270,37.125,193.433,2003-01-08T15:41:53
42.6697048374607,-84.6453066714199,0.83,60.967,37.001,193.258,2003-01-08T15:41:53
42.6697114647508,-84.6452976580469,0.82,59.634,36.478,192.863,2003-01-08T15:41:54
42.6697247193288,-84.645288644674,0.77,54.212,31.670,193.349,2003-01-08T15:41:56
42.669737973904,-84.645279631301,0.74,54.963,30.789,193.316,2003-01-08T15:41:57
42.6697446011905,-84.645270617928,0.76,61.909,36.544,192.266,2003-01-08T15:41:58
42.6697512284763,-84.645261604555,0.82,50.248,28.426,192.989,2003-01-08T15:41:59
42.6697644830458,-84.6452525911821,0.74,19.405,8.571,194.842,2003-01-08T15:42:01
42.6697711103295,-84.6452435778091,0.66,2.853,0.032,192.454,2003-01-08T15:42:03
42.6697843648948,-84.6452435778091,0.66,3.725,0.147,191.228,2003-01-08T15:42:03
42.6697909921764,-84.6452345644361,0.59,4.234,0.184,195.647,2003-01-08T15:42:04
42.6698042467374,-84.6452255510631,0.55,4.036,0.080,193.502,2003-01-08T15:42:06
42.6698175012957,-84.6452255510631,0.61,4.528,0.040,184.352,2003-01-08T15:42:08
42.6698241285737,-84.6452165376901,0.65,5.072,0.030,181.264,2003-01-08T15:42:10
42.6698373831277,-84.6452165376901,0.71,11.535,0.807,183.960,2003-01-08T15:42:16
42.6698440104036,-84.6452075243172,0.73,15.616,1.437,187.903,2003-01-08T15:42:21
42.6698572649533,-84.6452075243172,0.78,23.751,6.103,192.632,2003-01-08T15:42:25
42.6698705195002,-84.6452075243172,0.87,43.112,19.653,195.293,2003-01-08T15:42:27
42.6698837740443,-84.6452075243172,0.86,56.374,30.302,196.374,2003-01-08T15:42:29
42.6698970285856,-84.6452075243172,0.74,55.646,27.725,197.317,2003-01-08T15:42:31
42.669910283124,-84.6452075243172,0.77,49.646,20.264,199.164,2003-01-08T15:42:33
42.6699235376596,-84.6452075243172,0.71,49.394,18.184,200.563,2003-01-08T15:42:35
42.6699301649264,-84.6451985109442,0.70,44.455,17.665,198.391,2003-01-08T15:42:36
42.6699434194577,-84.6451985109442,0.50,41.407,18.680,197.151,2003-01-08T15:42:38
42.6699566739863,-84.6451985109442,0.71,31.321,12.715,195.831,2003-01-08T15:42:40
42.6699765557738,-84.6451985109442,0.58,30.576,11.807,194.963,2003-01-08T15:42:44
42.6699898102952,-84.6451985109442,1.00,44.637,21.332,196.389,2003-01-08T15:42:45
42.6700030648139,-84.6451985109442,1.01,47.165,24.331,195.834,2003-01-08T15:42:47
42.6700096920722,-84.6451894975712,1.03,42.359,20.810,196.838,2003-01-08T15:42:48
42.6700229465866,-84.6451804841983,1.01,43.723,21.933,198.630,2003-01-08T15:42:50
42.6700362010981,-84.6451714708253,0.89,48.285,22.981,199.358,2003-01-08T15:42:55
42.6700428283529,-84.6451624574523,0.93,49.147,22.170,200.607,2003-01-08T15:42:56
42.6700560828602,-84.6451444307064,0.97,51.062,26.370,198.852,2003-01-08T15:42:58
42.6700627101128,-84.6451354173334,0.96,41.502,19.724,196.478,2003-01-08T15:43:00
42.6700627101128,-84.6451173905874,0.86,25.607,8.229,197.196,2003-01-08T15:43:01
42.6700627101128,-84.6450993638415,0.82,20.730,6.535,200.155,2003-01-08T15:43:02
42.6700560828602,-84.6450903504685,0.77,18.651,5.485,201.017,2003-01-08T15:43:03
42.6700428283529,-84.6450813370955,0.73,16.439,2.239,198.999,2003-01-08T15:43:06
42.6700362010981,-84.6450723237226,0.69,15.764,1.678,194.795,2003-01-08T15:43:09
42.6700295738427,-84.6450813370955,0.68,10.914,0.398,184.162,2003-01-08T15:43:12
42.6700163193297,-84.6450813370955,0.70,10.780,0.192,181.019,2003-01-08T15:43:20
42.6700096920722,-84.6450903504685,0.72,12.190,0.242,182.348,2003-01-08T15:43:25
42.6700096920722,-84.6451083772145,0.72,12.938,0.443,186.293,2003-01-08T15:43:31
42.6700096920722,-84.6451264039604,0.76,12.648,0.580,196.044,2003-01-08T15:43:36
42.6700030648139,-84.6451354173334,0.72,11.232,0.914,195.657,2003-01-08T15:43:39
42.6700030648139,-84.6451534440793,0.78,23.621,6.165,194.136,2003-01-08T15:43:41
42.6700030648139,-84.6451714708253,0.84,40.648,15.507,195.942,2003-01-08T15:43:41
42.6700030648139,-84.6451985109442,0.93,48.876,24.241,195.695,2003-01-08T15:43:44
42.6700030648139,-84.6452165376901,1.01,51.067,27.111,196.202,2003-01-08T15:43:45
42.6699964375549,-84.6452255510631,1.01,35.569,14.167,195.602,2003-01-08T15:43:46
42.6699898102952,-84.6452435778091,0.84,23.621,3.187,190.421,2003-01-08T15:43:48
42.6699831830349,-84.6452525911821,0.82,27.649,5.328,191.062,2003-01-08T15:43:49
42.6699633012495,-84.645261604555,0.89,31.662,9.037,192.694,2003-01-08T15:43:51
42.6699500467223,-84.645261604555,0.77,46.714,19.571,193.698,2003-01-08T15:43:53
42.6699367921924,-84.645261604555,0.80,58.351,27.784,196.450,2003-01-08T15:43:55
42.6699235376596,-84.645270617928,1.05,56.611,27.497,194.817,2003-01-08T15:43:56
42.6699036558551,-84.645270617928,0.99,48.584,22.099,194.514,2003-01-08T15:43:58
42.6698904013153,-84.645270617928,1.01,30.412,9.593,192.784,2003-01-08T15:44:00
42.6698771467726,-84.645279631301,0.98,30.330,6.899,191.862,2003-01-08T15:44:01
42.6698638922271,-84.645288644674,0.83,42.563,13.862,190.667,2003-01-08T15:44:03
42.6698572649533,-84.6452976580469,1.09,51.067,24.437,189.412,2003-01-08T15:44:05
42.6698440104036,-84.6453066714199,1.12,53.544,28.496,190.413,2003-01-08T15:44:08
42.6698373831277,-84.6453156847929,1.02,55.026,26.006,192.768,2003-01-08T15:44:12
42.6698241285737,-84.6453156847929,0.99,64.481,32.190,194.895,2003-01-08T15:44:18
42.6698175012957,-84.6453246981659,0.94,70.341,37.142,194.302,2003-01-08T15:44:21
42.6698108740169,-84.6453156847929,1.07,68.426,35.152,194.185,2003-01-08T15:44:23
42.6697976194572,-84.6453156847929,0.86,56.347,27.732,194.146,2003-01-08T15:44:29
42.6697843648948,-84.6453156847929,0.86,56.832,29.548,193.942,2003-01-08T15:44:33
42.6697711103295,-84.6453156847929,0.91,68.238,37.539,196.570,2003-01-08T15:44:38
42.6697644830458,-84.6453066714199,0.70,70.131,38.434,197.900,2003-01-08T15:44:41
42.6697512284763,-84.6452976580469,0.87,68.429,40.712,194.773,2003-01-08T15:44:46
42.669737973904,-84.645288644674,0.82,56.818,34.113,192.539,2003-01-08T15:44:50
42.6697313466167,-84.645279631301,0.75,46.980,23.971,193.405,2003-01-08T15:44:53
42.6697247193288,-84.645270617928,0.74,46.749,23.478,195.606,2003-01-08T15:44:56
42.6697313466167,-84.645279631301,0.65,51.241,29.288,197.764,2003-01-08T15:45:00
42.6697446011905,-84.645279631301,0.70,55.818,33.771,196.702,2003-01-08T15:45:02
42.669737973904,-84.645288644674,0.69,51.874,29.854,194.783,2003-01-08T15:45:04
42.6697313466167,-84.6452976580469,0.75,55.283,32.905,194.228,2003-01-08T15:45:08
42.6697446011905,-84.645288644674,0.78,61.017,36.976,192.500,2003-01-08T15:45:36
42.6697578557614,-84.645288644674,0.82,62.434,37.551,192.872,2003-01-08T15:45:38
42.6697644830458,-84.6452976580469,0.83,65.028,38.589,193.804,2003-01-08T15:45:41
42.6697578557614,-84.6453066714199,0.87,65.491,38.017,193.890,2003-01-08T15:45:43
42.6697578557614,-84.6453246981659,0.87,63.546,36.987,193.986,2003-01-08T15:45:45
42.6697578557614,-84.6453427249118,0.85,60.757,33.689,194.450,2003-01-08T15:45:47
42.6697512284763,-84.6453697650307,1.16,57.951,31.340,191.485,2003-01-08T15:45:49
42.669737973904,-84.6453787784037,1.46,52.608,31.923,185.366,2003-01-08T15:45:51
42.6697247193288,-84.6453787784037,1.30,50.074,34.445,183.116,2003-01-08T15:45:53
42.6697180920401,-84.6453697650307,1.14,54.163,36.710,187.028,2003-01-08T15:45:54
42.6697114647508,-84.6453607516577,1.01,58.065,37.578,191.365,2003-01-08T15:45:56
42.66969821017,-84.6453607516577,0.84,55.909,33.509,192.439,2003-01-08T15:45:59
42.6696915828785,-84.6453517382848,0.79,47.971,23.203,195.270,2003-01-08T15:46:00
42.6696783282934,-84.6453517382848,0.72,47.006,20.327,196.298,2003-01-08T15:46:02
42.6696650737055,-84.6453517382848,0.91,52.821,26.158,194.579,2003-01-08T15:46:04
42.6696584464105,-84.6453427249118,0.91,58.654,33.247,194.459,2003-01-08T15:46:05
42.6696451918184,-84.6453427249118,0.95,63.656,39.031,194.843,2003-01-08T15:46:07
42.6696385645212,-84.6453337115388,0.94,65.627,39.081,194.936,2003-01-08T15:46:09
42.6696253099249,-84.6453337115388,0.89,54.501,30.849,195.755,2003-01-08T15:46:11
42.6696186826256,-84.6453246981659,0.78,33.583,17.379,196.074,2003-01-08T15:46:13
42.6695988007236,-84.6453246981659,0.47,13.364,5.857,194.017,2003-01-08T15:46:15
42.6695921734216,-84.6453337115388,0.45,13.720,3.896,197.905,2003-01-08T15:46:16
42.6695789188153,-84.6453337115388,0.43,19.840,5.408,205.020,2003-01-08T15:46:18
42.6695656642062,-84.6453427249118,0.46,22.607,8.821,204.225,2003-01-08T15:46:19
42.6695524095943,-84.6453427249118,0.37,21.072,9.211,208.481,2003-01-08T15:46:21
42.6695391549796,-84.6453517382848,0.44,27.022,10.318,212.660,2003-01-08T15:46:24
42.6695325276711,-84.6453607516577,0.44,41.210,17.685,206.211,2003-01-08T15:46:25
42.6695192730521,-84.6453607516577,0.47,39.330,17.777,201.971,2003-01-08T15:46:25
42.6695126457416,-84.6453697650307,0.48,41.797,18.273,200.826,2003-01-08T15:46:26
42.6694993911184,-84.6453787784037,0.55,42.948,17.900,200.129,2003-01-08T15:46:28
42.6694927638057,-84.6453877917767,0.61,45.261,18.743,199.913,2003-01-08T15:46:30
42.6694795091782,-84.6453877917767,0.65,50.599,23.729,200.247,2003-01-08T15:46:31
42.6694728818634,-84.6453968051496,0.68,53.434,29.286,200.787,2003-01-08T15:46:31
42.6694662545479,-84.6454058185226,0.67,51.338,29.164,198.849,2003-01-08T15:46:32
42.6694529999148,-84.6454148318956,0.75,51.258,26.566,196.258,2003-01-08T15:46:33
42.6694463725972,-84.6454238452686,0.92,50.528,27.468,190.953,2003-01-08T15:46:34
42.6694463725972,-84.6454418720145,0.86,54.611,27.294,191.698,2003-01-08T15:46:35
42.6694529999148,-84.6454508853875,0.90,60.890,27.254,195.232,2003-01-08T15:46:37
42.6694596272317,-84.6454598987605,0.93,56.534,23.620,192.676,2003-01-08T15:46:37
42.6694662545479,-84.6454689121334,0.82,56.154,25.877,190.456,2003-01-08T15:46:38
42.6694795091782,-84.6454598987605,0.99,53.931,30.381,189.206,2003-01-08T15:46:39
42.6694861364923,-84.6454508853875,0.88,41.300,21.533,189.177,2003-01-08T15:46:40
42.6694927638057,-84.6454418720145,0.74,42.202,21.934,191.573,2003-01-08T15:46:41
42.6694927638057,-84.6454148318956,0.74,54.548,32.107,193.976,2003-01-08T15:46:43
42.6694927638057,-84.6453968051496,0.89,55.365,35.402,190.585,2003-01-08T15:46:46
42.6694993911184,-84.6453877917767,0.77,51.405,31.877,191.585,2003-01-08T15:46:46
42.6695060184303,-84.6453697650307,0.66,41.806,22.835,194.817,2003-01-08T15:46:48
42.6695192730521,-84.6453607516577,0.54,34.418,15.684,195.320,2003-01-08T15:46:49
42.6695391549796,-84.6453607516577,0.59,42.484,19.851,196.460,2003-01-08T15:46:52
42.6695524095943,-84.6453697650307,0.70,54.541,30.316,195.616,2003-01-08T15:46:53
42.6695590369006,-84.6453787784037,0.71,58.797,34.407,194.271,2003-01-08T15:46:54
42.6695722915111,-84.6453787784037,0.76,56.356,32.035,195.213,2003-01-08T15:46:56
42.6695789188153,-84.6453877917767,0.81,59.037,30.330,194.549,2003-01-08T15:46:58
42.6695921734216,-84.6453877917767,0.90,63.634,32.768,191.079,2003-01-08T15:46:59
42.669605428025,-84.6453877917767,1.02,61.742,33.845,189.987,2003-01-08T15:47:00
42.6696186826256,-84.6453877917767,0.99,60.999,36.146,193.497,2003-01-08T15:47:02
42.6696319372234,-84.6453877917767,0.83,62.491,36.189,197.973,2003-01-08T15:47:04
42.6696385645212,-84.6453968051496,0.83,60.720,29.898,197.350,2003-01-08T15:47:06
42.6696518191148,-84.6453968051496,0.80,55.926,28.169,196.390,2003-01-08T15:47:06
42.6696650737055,-84.6454058185226,0.76,51.086,25.178,198.745,2003-01-08T15:47:08
42.6696783282934,-84.6454058185226,0.76,47.454,18.836,199.807,2003-01-08T15:47:09
42.6696849555863,-84.6454148318956,0.84,27.215,9.390,191.698,2003-01-08T15:47:10
42.66969821017,-84.6454238452686,0.67,6.047,1.397,192.504,2003-01-08T15:47:12
42.6697446011905,-84.6454238452686,0.37,19.596,8.565,206.419,2003-01-08T15:47:19
42.6697578557614,-84.6454238452686,0.39,37.111,16.974,211.304,2003-01-08T15:47:20
42.6697711103295,-84.6454238452686,0.40,38.121,18.328,210.169,2003-01-08T15:47:21
42.6697843648948,-84.6454328586415,0.44,38.650,18.402,208.089,2003-01-08T15:47:24
42.6697976194572,-84.6454328586415,0.47,38.434,16.952,204.942,2003-01-08T15:47:25
42.6698108740169,-84.6454328586415,0.52,33.873,13.364,200.832,2003-01-08T15:47:26
42.6698241285737,-84.6454328586415,0.53,30.963,10.415,199.892,2003-01-08T15:47:28
42.669830755851,-84.6454238452686,0.59,34.299,12.446,201.747,2003-01-08T15:47:28
42.6698373831277,-84.6454148318956,0.57,34.152,13.867,202.237,2003-01-08T15:47:29
42.6698440104036,-84.6453968051496,0.53,29.317,12.634,204.020,2003-01-08T15:47:31
42.6698373831277,-84.6453787784037,0.45,28.034,12.318,207.511,2003-01-08T15:47:32
42.669830755851,-84.6453697650307,0.45,29.525,11.320,208.753,2003-01-08T15:47:33
42.6698241285737,-84.6453607516577,0.49,34.092,12.146,203.429,2003-01-08T15:47:35
42.6698175012957,-84.6453517382848,0.84,45.163,19.980,196.625,2003-01-08T15:47:36
42.6698108740169,-84.6453427249118,1.15,53.811,27.002,191.958,2003-01-08T15:47:39
42.6698108740169,-84.6453246981659,1.11,57.511,29.640,192.210,2003-01-08T15:47:40
42.6698042467374,-84.6453156847929,1.01,55.490,26.695,195.469,2003-01-08T15:47:41
42.6697976194572,-84.6452976580469,0.87,48.498,22.208,195.993,2003-01-08T15:47:44
42.6697843648948,-84.645288644674,0.86,52.133,27.573,195.366,2003-01-08T15:47:45
42.6697777376125,-84.6452976580469,0.87,60.033,34.653,193.505,2003-01-08T15:47:46
42.6697711103295,-84.6453066714199,0.86,59.356,32.803,193.209,2003-01-08T15:47:47
42.6697711103295,-84.6453246981659,0.85,60.782,32.075,194.479,2003-01-08T15:47:50
42.6697644830458,-84.6453337115388,0.84,69.024,38.207,194.620,2003-01-08T15:47:52
42.6697578557614,-84.6453517382848,1.11,72.070,43.241,194.342,2003-01-08T15:47:56
42.6697512284763,-84.6453607516577,1.28,66.683,38.860,191.343,2003-01-08T15:47:59
42.6697446011905,-84.6453697650307,1.41,58.804,32.017,187.643,2003-01-08T15:48:01
42.669737973904,-84.6453787784037,1.48,52.443,29.946,187.817,2003-01-08T15:48:04
42.6697313466167,-84.6453877917767,1.48,48.432,28.652,189.611,2003-01-08T15:48:07
42.6697247193288,-84.6453968051496,1.37,47.106,26.625,189.312,2003-01-08T15:48:08
42.6697180920401,-84.6454058185226,1.19,46.049,22.064,191.645,2003-01-08T15:48:11
42.6697114647508,-84.6454148318956,0.97,36.503,15.624,191.988,2003-01-08T15:48:12
42.6697048374607,-84.6454238452686,0.81,17.207,6.216,185.920,2003-01-08T15:48:14
42.6696849555863,-84.6454598987605,0.39,25.068,10.153,193.738,2003-01-08T15:48:21
42.6696783282934,-84.6454779255064,0.49,45.545,19.850,204.580,2003-01-08T15:48:23
42.6696783282934,-84.6454959522524,0.67,48.057,20.629,202.317,2003-01-08T15:48:25
42.6696717009998,-84.6455049656253,0.78,49.178,22.202,197.069,2003-01-08T15:48:26
42.6696650737055,-84.6455139789983,1.01,48.282,22.687,193.190,2003-01-08T15:48:27
42.6696584464105,-84.6455229923713,1.16,49.331,20.128,191.859,2003-01-08T15:48:29
42.6696518191148,-84.6455320057443,1.43,51.910,22.484,190.089,2003-01-08T15:48:31
42.6696518191148,-84.6455500324902,1.55,51.124,25.232,187.918,2003-01-08T15:48:32
42.6696451918184,-84.6455590458632,1.59,50.844,25.126,187.412,2003-01-08T15:48:33
42.6696385645212,-84.6455680592362,1.70,49.096,25.845,186.887,2003-01-08T15:48:35
42.6696319372234,-84.6455770726091,1.73,47.444,26.057,186.047,2003-01-08T15:48:37
42.6696253099249,-84.6455950993551,1.70,47.510,26.352,186.376,2003-01-08T15:48:40
42.6696186826256,-84.645622139474,1.68,47.325,25.962,186.814,2003-01-08T15:48:41
42.6696186826256,-84.6456401662199,1.67,48.188,25.181,187.851,2003-01-08T15:48:43
42.6696120553257,-84.6456491795929,1.67,48.172,26.091,189.162,2003-01-08T15:48:45
42.669605428025,-84.6456581929659,1.65,45.856,26.061,188.219,2003-01-08T15:48:47
42.6695988007236,-84.6456762197118,1.59,44.843,23.835,187.458,2003-01-08T15:48:48
42.6695921734216,-84.6456852330848,1.57,45.942,23.302,186.017,2003-01-08T15:48:49
42.6695855461188,-84.6456942464578,1.60,46.171,24.527,184.246,2003-01-08T15:48:50
42.6695789188153,-84.6457032598308,1.59,44.317,25.015,184.713,2003-01-08T15:48:52
42.6695722915111,-84.6457122732037,1.60,43.629,24.625,183.703,2003-01-08T15:48:53
42.6695656642062,-84.6457302999497,1.58,46.603,25.726,183.370,2003-01-08T15:48:54
42.6695590369006,-84.6457393133227,1.57,50.286,27.703,185.305,2003-01-08T15:48:56
42.6695457822873,-84.6457483266957,1.58,51.387,29.715,187.423,2003-01-08T15:48:57
42.6695325276711,-84.6457483266957,1.57,51.484,29.608,189.301,2003-01-08T15:49:00
42.669525900362,-84.6457573400686,1.56,51.216,28.390,190.429,2003-01-08T15:49:02
42.6695126457416,-84.6457663534416,1.59,48.061,27.268,190.802,2003-01-08T15:49:05
42.6694927638057,-84.6457573400686,1.54,46.447,27.474,190.354,2003-01-08T15:49:06
42.6694861364923,-84.6457483266957,1.52,46.601,28.126,188.544,2003-01-08T15:49:08
42.6694795091782,-84.6457393133227,1.51,46.340,28.860,189.251,2003-01-08T15:49:08
42.6694795091782,-84.6457212865767,1.48,46.353,27.206,190.045,2003-01-08T15:49:09
42.6694795091782,-84.6457032598308,1.45,47.114,24.499,188.620,2003-01-08T15:49:10
42.6694861364923,-84.6456942464578,1.44,47.036,23.239,186.336,2003-01-08T15:49:11
42.6694993911184,-84.6456852330848,1.52,44.390,22.251,182.920,2003-01-08T15:49:13
42.6695060184303,-84.6456762197118,1.51,44.244,22.966,181.572,2003-01-08T15:49:14
42.6695192730521,-84.6456672063389,1.49,48.448,23.839,183.779,2003-01-08T15:49:17
42.6695325276711,-84.6456581929659,1.49,50.460,24.083,185.258,2003-01-08T15:49:18
42.6695457822873,-84.6456491795929,1.51,51.252,23.792,182.774,2003-01-08T15:49:19
42.6695524095943,-84.6456401662199,1.58,51.849,24.192,179.781,2003-01-08T15:49:21
42.6695590369006,-84.645631152847,1.63,53.852,27.324,181.808,2003-01-08T15:49:21
42.6695722915111,-84.645631152847,1.62,57.983,31.996,184.970,2003-01-08T15:49:22
42.6695789188153,-84.645622139474,1.63,58.373,33.287,184.730,2003-01-08T15:49:24
42.6695855461188,-84.645613126101,1.60,60.583,34.020,184.429,2003-01-08T15:49:25
42.669605428025,-84.6456041127281,1.73,61.223,34.517,185.744,2003-01-08T15:49:26
42.6696120553257,-84.6455950993551,1.75,58.094,34.795,187.361,2003-01-08T15:49:27
42.6696253099249,-84.6455860859821,1.74,59.508,37.131,187.677,2003-01-08T15:49:28
42.6696385645212,-84.6455770726091,1.59,61.812,38.843,188.251,2003-01-08T15:49:30
42.6696518191148,-84.6455680592362,1.53,60.849,39.252,187.646,2003-01-08T15:49:31
42.6696584464105,-84.6455590458632,1.49,56.913,37.526,185.597,2003-01-08T15:49:33
42.6696650737055,-84.6455500324902,1.44,53.431,36.343,183.632,2003-01-08T15:49:34
42.6696783282934,-84.6455500324902,1.37,50.708,35.466,178.790,2003-01-08T15:49:34
42.6696849555863,-84.6455320057443,1.24,47.775,33.374,177.790,2003-01-08T15:49:36
42.6696915828785,-84.6455229923713,1.15,39.908,26.780,175.428,2003-01-08T15:49:37
42.66969821017,-84.6455049656253,1.04,33.496,20.792,173.111,2003-01-08T15:49:38
42.6697048374607,-84.6454869388794,0.84,31.912,19.660,184.177,2003-01-08T15:49:38
42.6697048374607,-84.6454598987605,0.59,20.680,11.178,193.399,2003-01-08T15:49:40
42.6697048374607,-84.6454328586415,0.56,12.494,7.447,195.465,2003-01-08T15:49:42
42.6697048374607,-84.6454148318956,0.58,27.184,17.072,193.043,2003-01-08T15:49:44
42.6697048374607,-84.6453968051496,1.33,41.908,24.452,184.185,2003-01-08T15:49:45
42.6697048374607,-84.6453697650307,1.37,41.897,26.813,171.731,2003-01-08T15:49:47
42.6697114647508,-84.6453607516577,1.19,43.423,30.195,170.803,2003-01-08T15:49:48
42.6697114647508,-84.6453427249118,0.97,47.334,32.773,179.347,2003-01-08T15:49:49
42.6697180920401,-84.6453337115388,0.89,49.635,29.726,186.372,2003-01-08T15:49:51
42.6697247193288,-84.6453156847929,0.84,54.325,28.823,192.043,2003-01-08T15:49:52
42.6697446011905,-84.6453156847929,0.81,57.160,30.132,195.037,2003-01-08T15:49:53
42.6697512284763,-84.6453246981659,0.84,56.642,27.202,195.351,2003-01-08T15:49:54
42.6697578557614,-84.6453337115388,0.81,63.324,30.840,194.053,2003-01-08T15:49:56
42.6697578557614,-84.6453517382848,0.99,65.482,34.313,193.990,2003-01-08T15:49:58
42.6697644830458,-84.6453607516577,1.23,57.639,31.911,192.346,2003-01-08T15:50:00
42.6697578557614,-84.6453787784037,1.35,55.727,-1.000,190.720,2003-01-08T15:50:04
42.6697512284763,-84.6453877917767,1.22,58.339,33.114,192.075,2003-01-08T15:50:07
42.6697446011905,-84.6453968051496,1.08,48.143,23.552,194.782,2003-01-08T15:50:09
42.669737973904,-84.6454148318956,0.56,24.014,8.458,204.288,2003-01-08T15:50:12
42.6697313466167,-84.6454238452686,0.38,5.625,1.463,211.606,2003-01-08T15:50:15
42.6697247193288,-84.6454328586415,0.45,1.943,0.603,208.710,2003-01-08T15:50:16
42.6697114647508,-84.6454508853875,0.42,20.154,8.592,211.166,2003-01-08T15:50:20
42.6697048374607,-84.6454689121334,0.51,39.350,16.975,211.571,2003-01-08T15:50:21
42.66969821017,-84.6454869388794,0.65,45.496,20.414,205.000,2003-01-08T15:50:23
42.6696915828785,-84.6454959522524,0.70,50.770,25.013,200.468,2003-01-08T15:50:24
42.6696849555863,-84.6455139789983,0.91,54.192,27.468,196.019,2003-01-08T15:50:26
42.6696783282934,-84.6455320057443,1.23,55.269,27.764,190.827,2003-01-08T15:50:28
42.6696783282934,-84.6455500324902,1.37,56.796,32.140,189.521,2003-01-08T15:50:30
42.6696717009998,-84.6455680592362,1.59,52.929,29.968,190.416,2003-01-08T15:50:31
42.6696650737055,-84.6455770726091,1.67,47.148,27.320,189.447,2003-01-08T15:50:33
42.6696584464105,-84.6455950993551,1.65,48.761,27.161,187.815,2003-01-08T15:50:34
42.6696518191148,-84.6456041127281,1.67,50.099,26.867,189.317,2003-01-08T15:50:36
42.6696451918184,-84.645622139474,1.65,50.220,27.441,190.914,2003-01-08T15:50:37
42.6696451918184,-84.6456491795929,1.69,50.047,29.736,191.135,2003-01-08T15:50:39
42.6696385645212,-84.6456581929659,1.68,47.811,28.268,191.304,2003-01-08T15:50:40
42.6696319372234,-84.6456672063389,1.70,45.080,24.809,188.781,2003-01-08T15:50:42
42.6696253099249,-84.6456762197118,1.69,44.397,22.880,187.431,2003-01-08T15:50:42
42.6696186826256,-84.6456942464578,1.65,45.890,23.227,188.234,2003-01-08T15:50:45
42.6696120553257,-84.6457032598308,1.63,48.060,24.674,187.758,2003-01-08T15:50:45
42.6696120553257,-84.6457212865767,1.65,48.495,27.195,187.815,2003-01-08T15:50:46
42.6696120553257,-84.6457393133227,1.61,47.090,28.395,186.948,2003-01-08T15:50:47
42.6696186826256,-84.6457573400686,1.55,47.291,28.284,184.721,2003-01-08T15:50:49
42.6696253099249,-84.6457663534416,1.51,48.708,31.257,184.753,2003-01-08T15:50:50
42.6696385645212,-84.6457663534416,1.47,49.647,32.443,184.883,2003-01-08T15:50:50
42.6696518191148,-84.6457663534416,1.45,51.835,32.199,186.141,2003-01-08T15:50:52
42.6696650737055,-84.6457573400686,1.44,54.652,33.870,187.977,2003-01-08T15:50:53
42.6696783282934,-84.6457483266957,1.45,54.184,33.823,188.069,2003-01-08T15:50:53
42.6696849555863,-84.6457393133227,1.46,50.948,33.055,188.432,2003-01-08T15:50:55
42.6696915828785,-84.6457302999497,1.45,50.214,33.137,188.748,2003-01-08T15:50:55
42.66969821017,-84.6457212865767,1.41,52.621,33.667,190.214,2003-01-08T15:50:57
42.6697048374607,-84.6457122732037,1.38,58.305,36.033,192.004,2003-01-08T15:50:58
42.6697114647508,-84.6457032598308,1.39,60.631,36.557,191.528,2003-01-08T15:50:58
42.6697180920401,-84.6456852330848,1.41,59.311,34.987,190.590,2003-01-08T15:51:00
42.6697247193288,-84.6456672063389,1.61,60.390,34.428,190.132,2003-01-08T15:51:03
42.6697313466167,-84.6456491795929,1.74,59.814,34.783,191.630,2003-01-08T15:51:06
42.669737973904,-84.6456401662199,1.84,56.642,34.297,193.179,2003-01-08T15:51:07
42.6697446011905,-84.645622139474,1.81,54.217,32.302,194.169,2003-01-08T15:51:08
42.6697578557614,-84.645613126101,1.79,52.988,30.661,192.788,2003-01-08T15:51:09
42.6697644830458,-84.6456041127281,1.74,50.081,28.971,190.419,2003-01-08T15:51:10
42.6697711103295,-84.6455950993551,1.67,51.676,32.494,191.299,2003-01-08T15:51:11
42.6697777376125,-84.6455860859821,1.60,54.057,35.704,191.867,2003-01-08T15:51:12
42.6697976194572,-84.6455770726091,1.53,54.153,32.752,190.848,2003-01-08T15:51:14
42.6698042467374,-84.6455680592362,1.51,54.962,31.888,189.840,2003-01-08T15:51:15
42.6698108740169,-84.6455590458632,1.47,51.540,28.523,189.381,2003-01-08T15:51:16
42.6698175012957,-84.6455500324902,1.45,44.542,24.175,186.876,2003-01-08T15:51:17
42.669830755851,-84.6455410191172,1.46,39.543,23.863,184.667,2003-01-08T15:51:19
42.6698373831277,-84.6455320057443,1.43,40.180,25.457,183.206,2003-01-08T15:51:19
42.6698440104036,-84.6455229923713,1.32,43.402,26.218,185.047,2003-01-08T15:51:21
42.6698506376788,-84.6455049656253,1.23,44.254,26.104,189.110,2003-01-08T15:51:21
42.6698572649533,-84.6454959522524,1.15,49.312,28.818,191.830,2003-01-08T15:51:23
42.6698638922271,-84.6454779255064,1.04,52.271,30.426,195.027,2003-01-08T15:51:25
42.6698705195002,-84.6454508853875,0.96,50.063,30.217,196.281,2003-01-08T15:51:26
42.6698771467726,-84.6454328586415,0.88,45.832,27.687,196.835,2003-01-08T15:51:28
42.6698771467726,-84.6454148318956,0.73,41.742,24.165,197.944,2003-01-08T15:51:30
42.6698771467726,-84.6453968051496,0.62,35.869,17.583,200.867,2003-01-08T15:51:33
42.6698771467726,-84.6453787784037,0.53,23.724,9.175,202.398,2003-01-08T15:51:36
42.6698771467726,-84.6453607516577,0.53,9.828,3.474,199.971,2003-01-08T15:51:37
42.6698837740443,-84.6453427249118,0.50,1.417,0.258,198.837,2003-01-08T15:51:38
42.6698837740443,-84.6453066714199,0.55,22.802,13.148,198.586,2003-01-08T15:51:43
42.6698904013153,-84.645288644674,0.96,48.113,24.915,197.961,2003-01-08T15:51:44
42.6698904013153,-84.645270617928,1.07,47.736,21.166,197.399,2003-01-08T15:51:46
42.6698837740443,-84.645261604555,0.83,36.573,14.266,195.424,2003-01-08T15:51:49
42.6698837740443,-84.6452435778091,0.87,41.203,16.496,198.008,2003-01-08T15:51:51
42.6698771467726,-84.6452345644361,0.74,54.472,25.057,200.726,2003-01-08T15:51:53
42.6698705195002,-84.6452255510631,0.84,53.820,26.085,197.783,2003-01-08T15:51:53
42.6698572649533,-84.6452255510631,0.82,36.671,13.808,196.096,2003-01-08T15:51:56
42.6698373831277,-84.6452345644361,0.85,20.117,1.709,193.789,2003-01-08T15:51:58
42.669830755851,-84.6452435778091,0.86,18.618,0.667,191.097,2003-01-08T15:52:00
42.6698175012957,-84.6452525911821,0.86,13.367,0.337,186.305,2003-01-08T15:52:02
42.6698042467374,-84.6452525911821,0.85,7.244,0.436,182.038,2003-01-08T15:52:19
42.6698042467374,-84.645270617928,0.89,23.759,8.086,186.621,2003-01-08T15:52:28
42.6698108740169,-84.645279631301,0.88,43.520,17.835,191.910,2003-01-08T15:52:32
42.6698108740169,-84.6452976580469,0.86,47.630,20.711,194.954,2003-01-08T15:52:34
42.6698042467374,-84.6453066714199,0.81,53.171,22.250,197.334,2003-01-08T15:52:35
42.6697976194572,-84.6453156847929,0.94,52.797,23.883,195.579,2003-01-08T15:52:38
42.6697843648948,-84.6453156847929,0.98,57.466,31.460,194.381,2003-01-08T15:52:41
42.6697777376125,-84.6453066714199,0.85,63.754,36.424,194.138,2003-01-08T15:52:42
42.6697711103295,-84.6453156847929,0.83,63.052,35.976,193.564,2003-01-08T15:52:45
42.6697578557614,-84.6453156847929,0.91,58.025,31.923,194.380,2003-01-08T15:52:48
42.6697446011905,-84.6453246981659,0.78,57.013,31.542,193.601,2003-01-08T15:52:51
42.6697313466167,-84.6453246981659,0.85,63.561,36.361,193.601,2003-01-08T15:52:54
42.6697180920401,-84.6453246981659,0.84,56.027,31.427,193.691,2003-01-08T15:52:57
42.6697114647508,-84.6453337115388,0.78,53.583,30.738,193.805,2003-01-08T15:52:59
42.66969821017,-84.6453427249118,0.75,57.414,33.513,193.946,2003-01-08T15:53:01
42.6696849555863,-84.6453517382848,0.75,55.425,30.589,194.333,2003-01-08T15:53:04
42.6696783282934,-84.6453607516577,0.83,57.331,33.741,195.415,2003-01-08T15:53:06
42.6696717009998,-84.6453697650307,0.85,51.940,31.167,195.363,2003-01-08T15:53:09
42.6696584464105,-84.6453607516577,0.80,49.223,26.047,196.623,2003-01-08T15:53:12
42.6696518191148,-84.6453517382848,0.90,55.838,30.847,197.054,2003-01-08T15:53:14
42.6696451918184,-84.6453427249118,0.90,60.529,34.969,195.213,2003-01-08T15:53:16
42.6696451918184,-84.6453246981659,0.97,61.060,33.972,193.298,2003-01-08T15:53:18
42.6696518191148,-84.6453156847929,1.03,56.332,31.680,193.104,2003-01-08T15:53:18
42.6696584464105,-84.6453066714199,1.03,50.234,29.649,190.629,2003-01-08T15:53:19
42.6696650737055,-84.6452976580469,0.90,33.807,16.755,181.083,2003-01-08T15:53:20
42.6696717009998,-84.645288644674,0.87,18.828,5.552,172.490,2003-01-08T15:53:21
42.6696849555863,-84.645288644674,0.55,29.824,11.410,185.589,2003-01-08T15:53:23
42.66969821017,-84.645288644674,0.61,47.022,19.181,199.710,2003-01-08T15:53:24
42.6697114647508,-84.645288644674,0.90,49.092,23.141,196.058,2003-01-08T15:53:28
42.6697247193288,-84.645288644674,0.85,44.948,26.178,191.342,2003-01-08T15:53:31
42.669737973904,-84.645279631301,0.67,44.672,24.497,192.240,2003-01-08T15:53:33
42.6697512284763,-84.645279631301,0.75,53.496,28.592,195.282,2003-01-08T15:53:35
42.6697644830458,-84.645279631301,0.84,43.457,21.596,193.822,2003-01-08T15:53:36
42.6697777376125,-84.645279631301,0.74,14.168,4.386,191.811,2003-01-08T15:53:39
42.6697843648948,-84.645270617928,0.73,14.589,5.255,192.789,2003-01-08T15:53:39
42.6697976194572,-84.645270617928,0.89,36.737,16.363,195.767,2003-01-08T15:53:43
42.6698108740169,-84.645270617928,0.88,44.036,20.315,196.316,2003-01-08T15:53:44
42.6698175012957,-84.645279631301,0.87,40.742,15.499,196.095,2003-01-08T15:53:47
42.669830755851,-84.645288644674,0.82,43.901,16.042,195.915,2003-01-08T15:53:52
42.6698373831277,-84.6452976580469,1.05,53.152,24.197,195.419,2003-01-08T15:53:55
42.6698506376788,-84.6452976580469,1.01,56.118,27.544,195.023,2003-01-08T15:53:56
42.6698638922271,-84.6452976580469,0.98,43.743,15.717,196.259,2003-01-08T15:53:59
42.6698771467726,-84.6452976580469,1.00,40.479,10.696,199.173,2003-01-08T15:53:59
42.6698837740443,-84.645288644674,0.97,55.830,25.061,199.035,2003-01-08T15:54:01
42.6698904013153,-84.645279631301,1.07,60.329,33.087,196.349,2003-01-08T15:54:01
42.6698970285856,-84.645270617928,1.05,58.001,31.965,195.124,2003-01-08T15:54:04
42.6699036558551,-84.645261604555,1.02,59.031,31.223,196.152,2003-01-08T15:54:04
42.669910283124,-84.6452525911821,0.93,59.089,28.954,198.187,2003-01-08T15:54:07
42.6699235376596,-84.6452435778091,1.03,56.226,27.489,197.581,2003-01-08T15:54:08
42.6699301649264,-84.6452345644361,1.02,49.354,27.353,194.392,2003-01-08T15:54:11
42.6699367921924,-84.6452255510631,1.06,42.094,21.794,194.469,2003-01-08T15:54:12
42.6699434194577,-84.6452075243172,0.89,26.437,9.411,195.317,2003-01-08T15:54:14
42.6699500467223,-84.6451985109442,0.94,18.666,4.637,193.938,2003-01-08T15:54:15
42.6699566739863,-84.6451804841983,0.93,30.051,13.489,194.643,2003-01-08T15:54:18
42.6699633012495,-84.6451714708253,0.79,38.879,17.043,198.295,2003-01-08T15:54:20
42.669969928512,-84.6451534440793,0.72,23.311,7.196,199.082,2003-01-08T15:54:21
42.6699831830349,-84.6451444307064,0.73,13.878,3.172,198.730,2003-01-08T15:54:23
42.6699964375549,-84.6451444307064,0.82,31.442,12.385,199.151,2003-01-08T15:54:25
42.6700096920722,-84.6451354173334,0.78,37.574,16.059,196.974,2003-01-08T15:54:28
42.6700229465866,-84.6451354173334,0.79,31.893,11.594,193.994,2003-01-08T15:54:30
42.6700362010981,-84.6451354173334,0.82,39.143,16.657,194.966,2003-01-08T15:54:33
42.6700494556069,-84.6451354173334,0.92,48.385,24.076,196.874,2003-01-08T15:54:35
42.6700627101128,-84.6451354173334,0.92,47.659,24.688,196.744,2003-01-08T15:54:38
42.6700825918664,-84.6451354173334,0.92,47.206,24.018,197.159,2003-01-08T15:54:40
42.6700892191162,-84.6451264039604,0.87,41.902,17.726,199.235,2003-01-08T15:54:40
42.6701024736136,-84.6451264039604,0.71,33.999,10.602,202.638,2003-01-08T15:54:43
42.6701157281082,-84.6451264039604,0.72,36.628,12.699,203.544,2003-01-08T15:54:44
42.6701289826,-84.6451264039604,0.65,40.174,14.874,203.359,2003-01-08T15:54:46
42.670142237089,-84.6451354173334,0.64,37.320,13.296,201.882,2003-01-08T15:54:47
42.670142237089,-84.6451534440793,0.63,36.686,14.949,201.172,2003-01-08T15:54:48
42.6701488643324,-84.6451624574523,0.63,38.075,15.900,199.968,2003-01-08T15:54:49
42.670142237089,-84.6451894975712,0.69,42.770,19.392,197.647,2003-01-08T15:54:50
42.6701356098449,-84.6451985109442,0.72,44.236,24.082,198.549,2003-01-08T15:54:52
42.6701289826,-84.6452075243172,0.69,39.890,21.256,200.775,2003-01-08T15:54:52
42.6701091008613,-84.6451985109442,0.66,35.517,15.142,202.241,2003-01-08T15:54:54
42.6701024736136,-84.6451804841983,0.60,35.241,13.948,202.535,2003-01-08T15:54:56
42.6700958463652,-84.6451714708253,0.55,39.173,15.673,202.871,2003-01-08T15:54:57
42.6700892191162,-84.6451534440793,0.67,44.752,18.537,201.204,2003-01-08T15:55:00
42.6700825918664,-84.6451354173334,0.80,48.678,21.313,199.159,2003-01-08T15:55:03
42.6700825918664,-84.6451173905874,0.88,48.023,23.176,199.096,2003-01-08T15:55:05
42.6700759646159,-84.6450993638415,0.87,37.277,16.005,198.682,2003-01-08T15:55:07
42.6700693373647,-84.6450903504685,0.77,20.946,5.365,197.382,2003-01-08T15:55:09
42.6700627101128,-84.6450813370955,0.72,13.223,2.071,196.913,2003-01-08T15:55:09
42.6700560828602,-84.6450723237226,0.68,13.558,0.872,196.596,2003-01-08T15:55:11
42.6700494556069,-84.6450633103496,0.67,14.079,1.147,196.722,2003-01-08T15:55:12
42.6700362010981,-84.6450723237226,0.65,15.590,1.707,199.511,2003-01-08T15:55:15
42.6700362010981,-84.6450903504685,0.72,19.548,3.159,202.242,2003-01-08T15:55:19
42.6700295738427,-84.6450993638415,0.72,20.186,3.328,201.258,2003-01-08T15:55:22
42.6700163193297,-84.6451173905874,0.76,17.987,2.656,199.020,2003-01-08T15:55:31
42.6700030648139,-84.6451264039604,0.73,15.262,1.436,196.710,2003-01-08T15:55:33
42.6699898102952,-84.6451354173334,0.74,15.266,0.465,194.222,2003-01-08T15:55:38
42.6699765557738,-84.6451354173334,0.74,16.610,0.419,193.350,2003-01-08T15:55:39
42.669969928512,-84.6451444307064,0.76,12.206,0.252,191.588,2003-01-08T15:55:41
42.669969928512,-84.6451624574523,0.80,10.267,0.748,193.135,2003-01-08T15:55:42
42.669969928512,-84.6451804841983,0.79,19.076,4.322,195.572,2003-01-08T15:55:45
42.6699765557738,-84.6451985109442,0.75,28.182,7.535,194.280,2003-01-08T15:55:47
42.6699765557738,-84.6452165376901,0.88,39.433,13.525,193.499,2003-01-08T15:55:50
42.6699765557738,-84.6452345644361,0.92,42.426,16.084,191.980,2003-01-08T15:55:51
42.6699765557738,-84.6452525911821,0.66,39.572,14.364,193.790,2003-01-08T15:55:55
42.669969928512,-84.645270617928,0.62,38.855,13.734,200.269,2003-01-08T15:55:56
42.6699765557738,-84.645288644674,0.59,31.018,10.570,205.057,2003-01-08T15:55:59
42.6699765557738,-84.6453156847929,0.54,30.105,11.475,205.587,2003-01-08T15:56:01
42.6699765557738,-84.6453427249118,0.48,33.095,14.026,203.638,2003-01-08T15:56:03
42.6699831830349,-84.6453517382848,0.49,31.962,13.440,203.841,2003-01-08T15:56:04
42.6699831830349,-84.6453697650307,0.56,34.462,14.241,202.005,2003-01-08T15:56:04
42.6699831830349,-84.6453877917767,0.65,40.964,18.962,199.017,2003-01-08T15:56:06
42.6699831830349,-84.6454058185226,0.69,47.128,22.681,199.536,2003-01-08T15:56:07
42.6699898102952,-84.6454148318956,0.74,50.574,25.088,197.401,2003-01-08T15:56:08
42.6699964375549,-84.6454328586415,0.89,50.986,25.906,194.095,2003-01-08T15:56:10
42.6700030648139,-84.6454418720145,1.07,53.583,25.838,192.375,2003-01-08T15:56:12
42.6700096920722,-84.6454508853875,1.17,54.815,27.628,190.139,2003-01-08T15:56:12
42.6700229465866,-84.6454598987605,1.22,52.754,29.020,189.127,2003-01-08T15:56:13
42.6700362010981,-84.6454598987605,1.28,52.440,-1.000,189.550,2003-01-08T15:56:14
42.6700494556069,-84.6454598987605,1.28,53.229,-1.000,190.184,2003-01-08T15:56:16
42.6700627101128,-84.6454508853875,1.27,53.710,-1.000,190.275,2003-01-08T15:56:16
42.6700693373647,-84.6454418720145,1.26,52.417,-1.000,190.230,2003-01-08T15:56:18
42.6700759646159,-84.6454238452686,1.24,47.804,-1.000,188.917,2003-01-08T15:56:18
42.6700825918664,-84.6454148318956,1.21,43.930,24.347,188.344,2003-01-08T15:56:20
42.6700825918664,-84.6453968051496,1.14,44.650,27.031,188.979,2003-01-08T15:56:21
42.6700759646159,-84.6453787784037,1.03,46.751,29.968,189.293,2003-01-08T15:56:22
42.6700759646159,-84.6453517382848,0.83,46.375,28.666,194.038,2003-01-08T15:56:24
42.6700693373647,-84.6453337115388,0.74,41.752,24.227,196.890,2003-01-08T15:56:24
42.6700693373647,-84.6453156847929,0.68,38.227,20.425,197.171,2003-01-08T15:56:26
42.6700693373647,-84.645288644674,0.60,37.424,17.728,202.334,2003-01-08T15:56:27
42.6700693373647,-84.645270617928,0.54,34.210,14.360,205.702,2003-01-08T15:56:29
42.6700693373647,-84.6452525911821,0.52,31.191,10.946,205.201,2003-01-08T15:56:29
42.6700627101128,-84.6452345644361,0.54,33.041,12.398,203.496,2003-01-08T15:56:30
42.6700627101128,-84.6452165376901,0.57,31.601,11.884,202.450,2003-01-08T15:56:31
42.6700693373647,-84.6451985109442,0.60,32.495,9.443,201.993,2003-01-08T15:56:32
42.6700693373647,-84.6451714708253,0.78,40.261,13.722,198.994,2003-01-08T15:56:35
42.6700693373647,-84.6451534440793,0.87,44.692,17.764,197.710,2003-01-08T15:56:36
42.6700693373647,-84.6451354173334,0.91,45.326,18.250,198.486,2003-01-08T15:56:36
42.6700627101128,-84.6451264039604,0.83,34.555,11.930,198.676,2003-01-08T15:56:37
42.6700494556069,-84.6451264039604,0.74,18.610,3.900,200.538,2003-01-08T15:56:39
42.6700295738427,-84.6451264039604,0.71,15.183,2.665,200.606,2003-01-08T15:56:40
42.6700229465866,-84.6451354173334,0.72,24.548,7.689,199.455,2003-01-08T15:56:42
42.6700163193297,-84.6451534440793,0.77,31.618,11.285,198.559,2003-01-08T15:56:43
42.6700163193297,-84.6451804841983,0.95,42.718,19.334,197.544,2003-01-08T15:56:44
42.6700229465866,-84.6451894975712,0.98,50.632,26.321,198.788,2003-01-08T15:56:45
42.6700295738427,-84.6452075243172,0.88,33.522,15.802,200.110,2003-01-08T15:56:47
42.6700362010981,-84.6452165376901,0.80,15.569,4.323,197.211,2003-01-08T15:56:47
42.6700362010981,-84.6452345644361,0.67,18.563,7.073,200.764,2003-01-08T15:56:49
42.6700362010981,-84.6452525911821,0.59,29.825,13.399,207.407,2003-01-08T15:56:49
42.6700295738427,-84.645270617928,0.49,29.745,11.848,209.311,2003-01-08T15:56:50
42.6700229465866,-84.645279631301,0.50,24.736,9.774,212.762,2003-01-08T15:56:51
42.6700096920722,-84.645288644674,0.50,23.955,8.825,212.734,2003-01-08T15:56:53
42.6699898102952,-84.645288644674,0.45,27.959,7.055,210.081,2003-01-08T15:56:54
42.6699765557738,-84.645279631301,0.54,33.040,8.668,205.050,2003-01-08T15:56:55
42.6699633012495,-84.645270617928,0.63,35.015,9.440,199.959,2003-01-08T15:56:56
42.6699633012495,-84.6452525911821,0.69,43.786,14.749,197.895,2003-01-08T15:56:58
42.6699566739863,-84.6452435778091,0.81,51.686,22.229,194.993,2003-01-08T15:56:58
42.6699566739863,-84.6452255510631,0.98,34.934,13.827,192.298,2003-01-08T15:57:00
42.6699500467223,-84.6452075243172,0.84,20.872,4.583,193.249,2003-01-08T15:57:00
42.6699434194577,-84.6451804841983,0.79,16.561,2.507,192.791,2003-01-08T15:57:02
42.6699367921924,-84.6451714708253,0.72,12.250,0.331,193.207,2003-01-08T15:57:04
42.6699169103922,-84.6451714708253,0.71,15.071,0.707,197.053,2003-01-08T15:57:05
42.6699036558551,-84.6451714708253,0.63,11.956,0.609,194.478,2003-01-08T15:57:09
42.6698970285856,-84.6451804841983,0.68,7.757,0.263,185.036,2003-01-08T15:57:11
42.6699036558551,-84.6451894975712,0.78,15.104,2.211,187.161,2003-01-08T15:57:35
42.6699169103922,-84.6451894975712,0.82,30.059,8.885,196.634,2003-01-08T15:57:42
42.6699235376596,-84.6451985109442,0.82,34.439,11.844,197.791,2003-01-08T15:57:45
42.6699301649264,-84.6451894975712,0.78,22.639,7.114,195.006,2003-01-08T15:57:49
42.6699367921924,-84.6451985109442,0.80,23.453,5.608,194.850,2003-01-08T15:57:51
42.6699500467223,-84.6451985109442,0.71,29.088,6.304,195.916,2003-01-08T15:57:52
42.6699633012495,-84.6451985109442,0.72,36.256,11.011,196.542,2003-01-08T15:57:54
42.6699765557738,-84.6451985109442,0.92,50.165,20.926,197.813,2003-01-08T15:57:57
42.6699831830349,-84.6452075243172,1.00,51.728,24.593,197.948,2003-01-08T15:57:59
42.6699898102952,-84.6452165376901,0.95,35.012,12.792,197.501,2003-01-08T15:58:00
42.6699831830349,-84.6452435778091,0.84,20.447,2.853,198.100,2003-01-08T15:58:02
42.6699765557738,-84.6452525911821,0.71,27.694,7.446,200.803,2003-01-08T15:58:02
42.669969928512,-84.645261604555,0.66,39.389,15.576,202.171,2003-01-08T15:58:03
42.6699633012495,-84.645270617928,0.66,43.468,18.720,201.325,2003-01-08T15:58:05
42.6699500467223,-84.645270617928,0.68,29.560,11.069,199.166,2003-01-08T15:58:08
42.6699434194577,-84.645261604555,0.77,34.283,14.308,196.387,2003-01-08T15:58:14
42.6699301649264,-84.645261604555,0.74,55.763,24.917,197.692,2003-01-08T15:58:16
42.6699235376596,-84.6452525911821,0.82,56.710,25.228,198.118,2003-01-08T15:58:17
42.669910283124,-84.6452435778091,1.05,42.224,16.370,195.720,2003-01-08T15:58:23
42.6698970285856,-84.6452435778091,0.83,40.329,15.445,196.678,2003-01-08T15:58:28
42.6698904013153,-84.6452345644361,0.77,45.974,19.888,196.855,2003-01-08T15:58:30
42.6698771467726,-84.6452345644361,0.73,49.816,21.987,196.003,2003-01-08T15:58:34
42.6698638922271,-84.6452345644361,0.82,52.261,25.431,193.489,2003-01-08T15:58:36
42.6698572649533,-84.6452435778091,0.86,47.938,23.308,193.026,2003-01-08T15:58:38
42.6698506376788,-84.6452525911821,0.85,46.512,21.662,194.661,2003-01-08T15:58:41
42.6698373831277,-84.645261604555,0.87,41.477,16.870,194.942,2003-01-08T15:58:43
42.6698241285737,-84.645270617928,0.72,39.109,13.376,195.491,2003-01-08T15:58:47
42.6698175012957,-84.645279631301,0.85,44.370,17.674,195.567,2003-01-08T15:58:48
42.6698108740169,-84.645288644674,0.81,46.405,19.781,195.507,2003-01-08T15:58:51
42.6698042467374,-84.6452976580469,0.83,52.082,23.039,196.406,2003-01-08T15:58:54
42.6697976194572,-84.6453066714199,0.87,55.777,25.578,196.662,2003-01-08T15:58:55
42.6697909921764,-84.6453156847929,0.98,52.334,25.596,194.732,2003-01-08T15:58:58
42.6697843648948,-84.6453246981659,1.07,64.978,34.102,193.996,2003-01-08T15:58:59
42.6697777376125,-84.6453337115388,1.03,77.464,41.692,194.763,2003-01-08T15:59:02
42.6697711103295,-84.6453427249118,1.08,74.514,43.552,193.335,2003-01-08T15:59:04
42.6697578557614,-84.6453517382848,1.19,69.184,42.904,192.030,2003-01-08T15:59:06
42.6697446011905,-84.6453517382848,1.17,67.288,42.905,192.145,2003-01-08T15:59:08
42.669737973904,-84.6453607516577,1.08,67.719,43.420,191.343,2003-01-08T15:59:11
42.6697247193288,-84.6453697650307,1.08,66.409,42.197,190.881,2003-01-08T15:59:13
42.6697114647508,-84.6453697650307,1.02,63.020,38.281,191.191,2003-01-08T15:59:15
42.6697048374607,-84.6453787784037,1.01,63.232,35.650,192.445,2003-01-08T15:59:17
42.6696915828785,-84.6453787784037,1.05,57.104,33.808,190.979,2003-01-08T15:59:19
42.6696783282934,-84.6453787784037,0.95,55.034,33.682,191.650,2003-01-08T15:59:21
42.6696650737055,-84.6453787784037,0.82,65.785,37.395,195.415,2003-01-08T15:59:23
42.6696518191148,-84.6453787784037,0.82,66.092,37.054,194.431,2003-01-08T15:59:26
42.6696385645212,-84.6453787784037,0.94,63.868,37.937,190.744,2003-01-08T15:59:28
42.6696319372234,-84.6453877917767,0.96,61.260,36.524,189.101,2003-01-08T15:59:28
42.6696186826256,-84.6453877917767,1.04,55.190,31.412,188.528,2003-01-08T15:59:31
42.6696120553257,-84.6453968051496,1.03,58.498,32.974,189.098,2003-01-08T15:59:33
42.6695988007236,-84.6454058185226,1.01,64.155,36.794,190.497,2003-01-08T15:59:35
42.6695921734216,-84.6454148318956,0.98,64.905,38.542,190.519,2003-01-08T15:59:36
42.6695855461188,-84.6454238452686,0.98,64.763,40.080,190.328,2003-01-08T15:59:39
42.6695722915111,-84.6454238452686,0.99,67.823,41.996,190.885,2003-01-08T15:59:41
42.6695656642062,-84.6454328586415,1.00,69.386,40.639,192.697,2003-01-08T15:59:42
42.6695590369006,-84.6454418720145,1.05,67.974,39.929,191.760,2003-01-08T15:59:44
42.6695457822873,-84.6454328586415,1.02,63.899,37.674,188.181,2003-01-08T15:59:46
42.6695325276711,-84.6454328586415,1.00,61.110,35.109,187.800,2003-01-08T15:59:47
42.6695192730521,-84.6454328586415,1.01,63.836,37.685,190.230,2003-01-08T15:59:49
42.6694993911184,-84.6454238452686,1.02,63.578,39.362,189.999,2003-01-08T15:59:50
42.6694861364923,-84.6454238452686,1.00,63.320,39.295,190.648,2003-01-08T15:59:53
42.6694728818634,-84.6454148318956,0.90,65.939,38.536,193.170,2003-01-08T15:59:55
42.6694728818634,-84.6454418720145,0.97,63.542,34.793,193.844,2003-01-08T15:59:57
42.6694662545479,-84.6454508853875,0.88,63.477,32.235,194.468,2003-01-08T15:59:59
42.6694529999148,-84.6454508853875,0.96,68.034,34.536,195.090,2003-01-08T16:00:01
42.6694463725972,-84.6454598987605,0.97,67.091,33.479,194.769,2003-01-08T16:00:02
42.6694331179598,-84.6454598987605,1.12,61.989,30.464,192.285,2003-01-08T16:00:04
42.6694264906401,-84.6454689121334,1.15,60.501,29.396,190.834,2003-01-08T16:00:06
42.6694132359985,-84.6454689121334,1.26,59.817,28.955,190.036,2003-01-08T16:00:08
42.6694066086767,-84.6454779255064,1.32,56.227,-1.000,187.819,2003-01-08T16:00:09
42.6693933540308,-84.6454779255064,1.34,57.822,31.117,186.309,2003-01-08T16:00:11
42.6693800993821,-84.6454869388794,1.42,59.010,31.140,185.135,2003-01-08T16:00:13
42.6693734720568,-84.6454959522524,1.61,54.784,30.034,183.529,2003-01-08T16:00:18
42.6693668447307,-84.6455049656253,1.56,50.536,28.689,183.188,2003-01-08T16:00:21
42.6693602174038,-84.6455139789983,1.44,49.845,28.592,183.701,2003-01-08T16:00:24
42.6693668447307,-84.6455229923713,1.45,51.078,28.409,185.143,2003-01-08T16:00:28
42.6693602174038,-84.6455320057443,1.47,51.247,29.332,186.427,2003-01-08T16:00:28
42.6693535900763,-84.6455410191172,1.42,51.161,29.572,186.731,2003-01-08T16:00:32
42.6693469627481,-84.6455590458632,1.41,51.891,30.397,186.982,2003-01-08T16:00:34
42.6693403354192,-84.6455680592362,1.40,54.834,31.913,187.349,2003-01-08T16:00:36
42.6693602174038,-84.6455950993551,1.43,55.589,30.912,186.000,2003-01-08T16:00:40
42.6693800993821,-84.6455950993551,1.41,55.127,30.448,186.048,2003-01-08T16:00:41
42.6693933540308,-84.6456041127281,1.40,57.206,31.971,186.529,2003-01-08T16:00:42
42.6693867267068,-84.645631152847,1.37,60.314,33.373,188.332,2003-01-08T16:00:43
42.6693800993821,-84.6456581929659,1.33,62.127,34.288,190.324,2003-01-08T16:00:43
42.6693734720568,-84.6456852330848,1.34,59.513,34.812,189.225,2003-01-08T16:00:45
42.6693800993821,-84.6457032598308,1.33,56.658,32.087,188.376,2003-01-08T16:00:46
42.6693867267068,-84.6457122732037,1.34,56.266,30.557,190.580,2003-01-08T16:00:47
42.6694066086767,-84.6457122732037,1.31,57.616,33.397,193.304,2003-01-08T16:00:48
42.6694132359985,-84.6457032598308,1.34,57.288,31.637,191.962,2003-01-08T16:00:49
42.6694198633196,-84.6456942464578,1.39,55.257,29.564,190.701,2003-01-08T16:00:50
42.6694264906401,-84.6456762197118,1.39,54.128,29.978,191.030,2003-01-08T16:00:53
42.6694331179598,-84.6456581929659,1.39,51.122,28.031,190.253,2003-01-08T16:00:55
42.6694397452789,-84.6456401662199,1.40,50.606,30.569,186.524,2003-01-08T16:00:56
42.6694463725972,-84.645631152847,1.38,54.286,31.662,185.690,2003-01-08T16:00:58
42.6694529999148,-84.645613126101,1.39,53.639,30.103,185.205,2003-01-08T16:00:59
42.6694596272317,-84.6455950993551,1.40,49.934,28.949,184.860,2003-01-08T16:01:02
42.6694662545479,-84.6455860859821,1.39,49.703,27.266,185.077,2003-01-08T16:01:03
42.6694728818634,-84.6455770726091,1.45,50.256,26.737,184.664,2003-01-08T16:01:05
42.6694795091782,-84.6455590458632,1.45,49.762,26.921,184.956,2003-01-08T16:01:07
42.6694861364923,-84.6455410191172,1.42,47.816,26.703,184.793,2003-01-08T16:01:09
42.6694927638057,-84.6455229923713,1.36,48.118,25.915,185.574,2003-01-08T16:01:11
42.6694993911184,-84.6455049656253,1.37,49.586,28.530,186.063,2003-01-08T16:01:12
42.6694993911184,-84.6454869388794,1.26,50.452,31.205,186.631,2003-01-08T16:01:14
42.6694993911184,-84.6454689121334,1.17,51.906,29.646,187.783,2003-01-08T16:01:16
42.6694993911184,-84.6454508853875,1.04,55.297,30.963,190.000,2003-01-08T16:01:20
42.6694993911184,-84.6454328586415,0.89,59.496,34.969,193.226,2003-01-08T16:01:21
42.6694927638057,-84.6454238452686,0.82,61.809,36.753,193.978,2003-01-08T16:01:24
42.6694861364923,-84.6454148318956,0.88,66.551,41.685,193.375,2003-01-08T16:01:24
42.6694795091782,-84.6454058185226,0.90,64.267,44.660,193.424,2003-01-08T16:01:26
42.6694728818634,-84.6453968051496,0.82,54.057,39.420,192.012,2003-01-08T16:01:27
42.6694662545479,-84.6453877917767,0.67,35.223,22.167,190.101,2003-01-08T16:01:30
42.6694463725972,-84.6453877917767,0.42,22.290,7.034,199.784,2003-01-08T16:01:32
42.6694331179598,-84.6453877917767,0.35,24.652,5.322,205.958,2003-01-08T16:01:33
42.6694264906401,-84.6453968051496,0.40,27.419,10.474,199.334,2003-01-08T16:01:33
42.6694198633196,-84.6454148318956,0.59,31.276,17.009,196.522,2003-01-08T16:01:34
42.6694198633196,-84.6454328586415,0.91,42.958,22.126,195.186,2003-01-08T16:01:35
42.6694198633196,-84.6454508853875,1.09,55.257,26.956,192.395,2003-01-08T16:01:36
42.6694264906401,-84.6454598987605,1.17,58.244,28.509,190.347,2003-01-08T16:01:38
42.6694331179598,-84.6454779255064,1.18,59.039,25.746,190.943,2003-01-08T16:01:39
42.6694397452789,-84.6454869388794,1.12,57.873,22.867,189.591,2003-01-08T16:01:43
42.6694463725972,-84.6454959522524,1.28,54.607,22.783,187.459,2003-01-08T16:01:45
42.6694529999148,-84.6455139789983,1.30,52.916,-1.000,187.109,2003-01-08T16:01:48
42.6694596272317,-84.6455229923713,1.30,51.248,-1.000,186.437,2003-01-08T16:01:50
42.6694662545479,-84.6455320057443,1.39,48.003,23.420,184.723,2003-01-08T16:01:53
42.6694728818634,-84.6455500324902,1.47,46.174,22.287,183.359,2003-01-08T16:01:55
42.6694795091782,-84.6455590458632,1.50,44.590,19.856,182.406,2003-01-08T16:01:57
42.6694861364923,-84.6455680592362,1.51,41.876,20.195,181.678,2003-01-08T16:01:58
42.6694861364923,-84.6455860859821,1.51,44.231,23.675,183.139,2003-01-08T16:01:58
42.6694795091782,-84.6456041127281,1.54,47.836,26.846,185.905,2003-01-08T16:02:01
42.6694662545479,-84.6456041127281,1.42,49.027,27.690,188.352,2003-01-08T16:02:03
42.6694596272317,-84.6455950993551,1.37,50.058,26.505,187.569,2003-01-08T16:02:05
42.6694662545479,-84.6455770726091,1.44,48.344,26.615,186.850,2003-01-08T16:02:07
42.6694596272317,-84.6455680592362,1.41,48.910,28.005,186.770,2003-01-08T16:02:07
42.6694529999148,-84.6455500324902,1.40,48.782,27.119,185.210,2003-01-08T16:02:12
42.6694529999148,-84.6455320057443,1.41,46.724,26.942,184.332,2003-01-08T16:02:17
42.6694463725972,-84.6455229923713,1.39,46.627,28.329,185.456,2003-01-08T16:02:18
42.6694529999148,-84.6455049656253,1.34,46.784,29.354,186.365,2003-01-08T16:02:20
42.6694529999148,-84.6454869388794,1.25,51.337,30.281,186.452,2003-01-08T16:02:23
42.6694529999148,-84.6454689121334,1.22,54.971,31.506,187.884,2003-01-08T16:02:26
42.6694463725972,-84.6454598987605,1.07,56.674,29.736,190.500,2003-01-08T16:02:29
42.6694463725972,-84.6454418720145,0.90,57.663,29.461,192.696,2003-01-08T16:02:33
42.6694397452789,-84.6454328586415,0.80,56.836,30.803,193.833,2003-01-08T16:02:34
42.6694331179598,-84.6454238452686,0.83,58.289,30.681,194.536,2003-01-08T16:02:37
42.6694264906401,-84.6454148318956,0.98,58.102,30.312,194.378,2003-01-08T16:02:39
42.6694132359985,-84.6454148318956,0.86,57.402,30.260,194.503,2003-01-08T16:02:41
42.6693999813541,-84.6454238452686,0.88,54.889,27.632,193.524,2003-01-08T16:02:41
42.6693933540308,-84.6454328586415,0.97,54.507,28.134,192.683,2003-01-08T16:02:42
42.6693867267068,-84.6454508853875,1.11,57.574,29.224,191.797,2003-01-08T16:02:45
42.6693867267068,-84.6454689121334,1.22,58.047,26.836,188.368,2003-01-08T16:02:47
42.6693933540308,-84.6454869388794,1.27,58.444,-1.000,186.812,2003-01-08T16:02:48
42.6693999813541,-84.6454959522524,1.35,57.263,31.023,185.889,2003-01-08T16:02:50
42.6694066086767,-84.6455139789983,1.42,54.324,31.240,184.294,2003-01-08T16:02:52
42.6694132359985,-84.6455229923713,1.39,51.082,29.493,184.412,2003-01-08T16:02:54
42.6694132359985,-84.6455410191172,1.40,48.395,26.903,184.682,2003-01-08T16:02:56
42.6694198633196,-84.6455500324902,1.36,48.367,26.248,185.621,2003-01-08T16:02:59
42.6694264906401,-84.6455590458632,1.39,50.686,26.470,186.761,2003-01-08T16:03:01
42.6694264906401,-84.6455770726091,1.40,50.619,26.447,188.719,2003-01-08T16:03:03
42.6694198633196,-84.6455860859821,1.41,48.908,25.836,186.959,2003-01-08T16:03:03
42.6694132359985,-84.6455770726091,1.43,48.288,23.930,184.894,2003-01-08T16:03:06
42.6694132359985,-84.6455590458632,1.46,49.220,24.915,186.185,2003-01-08T16:03:07
42.6694132359985,-84.6455410191172,1.43,50.336,29.269,185.426,2003-01-08T16:03:10
42.6694198633196,-84.6455229923713,1.39,49.387,29.279,185.003,2003-01-08T16:03:14
42.6694132359985,-84.6455049656253,1.42,47.885,26.110,185.520,2003-01-08T16:03:18
42.6693999813541,-84.6455139789983,1.45,47.616,26.463,185.383,2003-01-08T16:03:22
42.6693933540308,-84.6455229923713,1.43,47.975,27.240,185.100,2003-01-08T16:03:24
42.6693933540308,-84.6455410191172,1.41,47.463,26.782,184.444,2003-01-08T16:03:25
42.6693933540308,-84.6455590458632,1.38,46.686,26.830,185.675,2003-01-08T16:03:28
42.6693999813541,-84.6455680592362,1.34,49.635,25.044,186.669,2003-01-08T16:03:30
42.6694066086767,-84.6455770726091,1.38,51.836,26.573,185.964,2003-01-08T16:03:31
42.6694132359985,-84.6455860859821,1.37,51.754,28.854,185.990,2003-01-08T16:03:34
42.6694198633196,-84.6455950993551,1.41,52.107,28.601,184.877,2003-01-08T16:03:36
42.6694264906401,-84.6456041127281,1.42,51.088,28.199,186.020,2003-01-08T16:03:37
42.6694331179598,-84.645613126101,1.41,48.842,25.367,188.539,2003-01-08T16:03:39
42.6694397452789,-84.645631152847,1.43,47.128,23.984,187.014,2003-01-08T16:03:42
42.6694397452789,-84.6456491795929,1.42,49.025,24.221,187.117,2003-01-08T16:03:44
42.6694331179598,-84.6456672063389,1.43,48.246,24.250,188.994,2003-01-08T16:03:46
42.6694264906401,-84.6456762197118,1.45,47.311,25.487,189.660,2003-01-08T16:03:47
42.6694198633196,-84.6456672063389,1.44,49.781,26.192,190.248,2003-01-08T16:03:48
42.6694066086767,-84.6456581929659,1.41,52.260,26.969,190.800,2003-01-08T16:03:50
42.6694066086767,-84.6456401662199,1.41,51.467,26.253,191.509,2003-01-08T16:03:52
42.6694132359985,-84.645622139474,1.44,47.914,24.507,189.724,2003-01-08T16:03:53
42.6694198633196,-84.6456041127281,1.42,48.448,27.244,187.142,2003-01-08T16:03:57
42.6694264906401,-84.6455860859821,1.43,49.958,27.546,186.871,2003-01-08T16:03:59
42.6694331179598,-84.6455680592362,1.44,47.734,25.583,187.570,2003-01-08T16:04:02
42.6694397452789,-84.6455590458632,1.37,46.871,24.742,187.111,2003-01-08T16:04:04
42.6694397452789,-84.6455410191172,1.40,47.333,22.873,186.790,2003-01-08T16:04:05
42.6694463725972,-84.6455320057443,1.42,46.625,23.848,186.600,2003-01-08T16:04:08
42.6694529999148,-84.6455139789983,1.41,43.540,25.373,183.430,2003-01-08T16:04:10
42.6694529999148,-84.6454959522524,1.19,45.680,28.978,184.269,2003-01-08T16:04:13
42.6694596272317,-84.6454869388794,1.12,52.564,32.294,187.592,2003-01-08T16:04:15
42.6694662545479,-84.6454779255064,1.10,55.817,31.800,188.402,2003-01-08T16:04:17
42.6694662545479,-84.6454598987605,1.10,53.132,29.748,191.098,2003-01-08T16:04:20
42.6694662545479,-84.6454418720145,0.74,53.732,30.183,194.681,2003-01-08T16:04:23
42.6694662545479,-84.6454148318956,0.84,59.042,26.847,196.302,2003-01-08T16:04:25
42.6694596272317,-84.6454058185226,0.94,54.302,24.380,190.280,2003-01-08T16:04:26
42.6694463725972,-84.6454058185226,1.02,51.641,28.629,184.816,2003-01-08T16:04:27
42.6694331179598,-84.6454148318956,0.98,48.278,27.590,180.065,2003-01-08T16:04:28
42.6694264906401,-84.6454238452686,0.93,46.716,24.772,183.680,2003-01-08T16:04:30
42.6694264906401,-84.6454418720145,0.85,55.551,23.727,192.591,2003-01-08T16:04:31
42.6694331179598,-84.6454598987605,0.96,65.665,27.572,192.243,2003-01-08T16:04:32
42.6694397452789,-84.6454689121334,0.97,64.098,30.160,189.758,2003-01-08T16:04:34
42.6694463725972,-84.6454869388794,1.16,55.141,26.931,187.015,2003-01-08T16:04:36
42.6694529999148,-84.6454959522524,1.17,53.565,27.857,187.763,2003-01-08T16:04:37
42.6694596272317,-84.6455139789983,1.15,58.233,29.391,189.778,2003-01-08T16:04:39
42.6694662545479,-84.6455320057443,1.14,56.781,28.976,185.741,2003-01-08T16:04:41
42.6694662545479,-84.6455500324902,1.58,51.026,29.764,180.811,2003-01-08T16:04:43
42.6694728818634,-84.6455590458632,1.56,50.283,28.098,181.018,2003-01-08T16:04:44
42.6694795091782,-84.6455770726091,1.51,48.489,24.409,182.762,2003-01-08T16:04:46
42.6694795091782,-84.6456041127281,1.50,52.097,26.873,185.111,2003-01-08T16:04:48
42.6694795091782,-84.645622139474,1.48,54.507,27.916,185.044,2003-01-08T16:04:49
42.6694795091782,-84.6456401662199,1.50,49.822,24.086,183.550,2003-01-08T16:04:52
42.6694728818634,-84.6456581929659,1.50,47.333,23.769,184.637,2003-01-08T16:04:54
42.6694728818634,-84.6456762197118,1.50,49.124,25.839,187.180,2003-01-08T16:04:56
42.6694662545479,-84.6456852330848,1.46,51.229,27.224,188.890,2003-01-08T16:04:58
42.6694596272317,-84.6456942464578,1.49,49.929,27.771,189.388,2003-01-08T16:05:00
42.6694529999148,-84.6457122732037,1.53,48.842,27.365,191.356,2003-01-08T16:05:03
42.6694463725972,-84.6457212865767,1.54,48.522,26.013,191.237,2003-01-08T16:05:04
42.6694397452789,-84.6457302999497,1.54,49.473,27.061,189.378,2003-01-08T16:05:05
42.6694331179598,-84.6457483266957,1.58,49.315,27.837,188.161,2003-01-08T16:05:07
42.6694264906401,-84.6457663534416,1.55,41.438,25.035,188.146,2003-01-08T16:05:09
42.6694264906401,-84.6457843801875,1.39,39.135,25.168,188.450,2003-01-08T16:05:10
42.6694198633196,-84.6457933935605,1.33,42.932,27.215,189.889,2003-01-08T16:05:10
42.6694066086767,-84.6457933935605,1.24,48.549,26.806,192.085,2003-01-08T16:05:12
42.6693933540308,-84.6457933935605,1.22,51.072,-1.000,190.589,2003-01-08T16:05:13
42.6693867267068,-84.6457843801875,1.25,45.119,-1.000,190.652,2003-01-08T16:05:14
42.6693800993821,-84.6457753668146,1.32,43.256,13.435,191.177,2003-01-08T16:05:15
42.6693734720568,-84.6457663534416,1.42,47.536,20.030,188.537,2003-01-08T16:05:16
42.6693668447307,-84.6457483266957,1.51,50.099,28.747,189.243,2003-01-08T16:05:18
42.6693602174038,-84.6457212865767,1.47,50.036,30.810,192.066,2003-01-08T16:05:20
42.6693602174038,-84.6457032598308,1.40,53.188,31.724,194.546,2003-01-08T16:05:22
42.6693535900763,-84.6456942464578,1.40,54.484,32.052,195.366,2003-01-08T16:05:23
42.6693469627481,-84.6456852330848,1.41,52.378,31.564,194.142,2003-01-08T16:05:24
42.6693469627481,-84.6456672063389,1.39,52.343,30.563,193.724,2003-01-08T16:05:26
42.6693403354192,-84.6456491795929,1.40,51.139,28.048,191.423,2003-01-08T16:05:27
42.6693403354192,-84.645631152847,1.39,48.096,26.080,189.299,2003-01-08T16:05:28
42.6693403354192,-84.645613126101,1.41,47.629,26.763,188.234,2003-01-08T16:05:30
42.6693337080896,-84.6455860859821,1.36,49.173,26.688,186.182,2003-01-08T16:05:33
42.6693403354192,-84.6455770726091,1.39,51.283,26.834,185.462,2003-01-08T16:05:34
42.6693403354192,-84.6455590458632,1.44,50.762,28.084,185.690,2003-01-08T16:05:36
42.6693403354192,-84.6455410191172,1.44,47.955,26.699,184.543,2003-01-08T16:05:38
42.6693403354192,-84.6455139789983,1.44,47.510,25.442,184.057,2003-01-08T16:05:39
42.6693403354192,-84.6454869388794,1.46,47.185,24.494,182.035,2003-01-08T16:05:42
42.6693337080896,-84.6454779255064,1.50,47.122,22.975,181.491,2003-01-08T16:05:42
42.6693270807592,-84.6454689121334,1.55,49.052,23.931,184.078,2003-01-08T16:05:44
42.6693138260964,-84.6454689121334,1.49,49.260,25.931,183.367,2003-01-08T16:05:45
42.6693005714308,-84.6454779255064,1.53,46.410,25.064,181.191,2003-01-08T16:05:47
42.6692939440969,-84.6454959522524,1.51,45.888,25.008,181.470,2003-01-08T16:05:48
42.6692939440969,-84.6455229923713,1.46,46.367,26.938,180.579,2003-01-08T16:05:50
42.6692939440969,-84.6455410191172,1.42,47.284,28.675,181.731,2003-01-08T16:05:51
42.669307198764,-84.6455500324902,1.36,51.739,27.187,184.284,2003-01-08T16:05:52
42.6693138260964,-84.6455590458632,1.38,54.926,28.045,183.375,2003-01-08T16:05:53
42.6693270807592,-84.6455680592362,1.42,55.480,32.494,181.858,2003-01-08T16:05:53
42.6693403354192,-84.6455770726091,1.43,55.046,34.386,182.847,2003-01-08T16:05:55
42.6693535900763,-84.6455860859821,1.35,57.461,33.689,185.053,2003-01-08T16:05:57
42.6693602174038,-84.6455950993551,1.35,58.597,33.006,184.265,2003-01-08T16:05:58
42.6693668447307,-84.6456041127281,1.38,55.441,31.277,184.563,2003-01-08T16:05:58
42.6693734720568,-84.645613126101,1.35,53.074,26.779,185.778,2003-01-08T16:06:00
42.6693734720568,-84.645631152847,1.39,49.799,23.653,184.763,2003-01-08T16:06:02
42.6693800993821,-84.6456401662199,1.40,49.501,25.786,186.492,2003-01-08T16:06:03
42.6693800993821,-84.6456672063389,1.41,50.808,28.595,189.062,2003-01-08T16:06:04
42.6693800993821,-84.6456852330848,1.45,48.891,28.116,189.090,2003-01-08T16:06:07
42.6693800993821,-84.6457122732037,1.47,50.164,28.773,188.858,2003-01-08T16:06:09
42.6693734720568,-84.6457393133227,1.51,50.557,28.101,184.930,2003-01-08T16:06:11
42.6693668447307,-84.6457483266957,1.58,48.289,25.895,182.759,2003-01-08T16:06:12
42.6693535900763,-84.6457483266957,1.52,46.076,24.133,186.412,2003-01-08T16:06:13
42.6693403354192,-84.6457483266957,1.51,46.054,25.183,187.093,2003-01-08T16:06:13
42.6693270807592,-84.6457393133227,1.51,45.520,27.180,185.686,2003-01-08T16:06:14
42.6693138260964,-84.6457302999497,1.48,43.322,24.452,187.420,2003-01-08T16:06:17
42.6693005714308,-84.6457212865767,1.44,30.239,12.571,192.060,2003-01-08T16:06:19
42.6692939440969,-84.6457122732037,1.42,29.256,14.036,194.230,2003-01-08T16:06:20
42.6692740620911,-84.6457032598308,1.38,47.628,29.637,194.787,2003-01-08T16:06:22
42.669260807417,-84.6456942464578,1.34,54.356,33.435,196.545,2003-01-08T16:06:24
42.6692475527401,-84.6456942464578,1.36,55.091,34.974,196.991,2003-01-08T16:06:25
42.6692409254005,-84.6456852330848,1.33,54.301,34.116,196.270,2003-01-08T16:06:26
42.6692276707194,-84.6456852330848,1.32,52.585,32.757,197.412,2003-01-08T16:06:27
42.6692210433777,-84.6456762197118,1.31,52.967,33.345,197.784,2003-01-08T16:06:28
42.6692011613486,-84.6456672063389,1.31,53.039,30.119,194.630,2003-01-08T16:06:30
42.669181279313,-84.6456581929659,1.28,51.436,27.261,193.246,2003-01-08T16:06:32
42.6691680246191,-84.6456581929659,1.28,51.423,27.514,194.252,2003-01-08T16:06:33
42.669148142573,-84.6456491795929,1.28,51.082,26.507,192.213,2003-01-08T16:06:35
42.6691348878721,-84.6456491795929,1.29,50.220,24.363,189.079,2003-01-08T16:06:36
42.6691150058153,-84.6456401662199,1.32,46.966,23.009,187.546,2003-01-08T16:06:37
42.6691017511073,-84.6456401662199,1.34,43.835,24.425,188.074,2003-01-08T16:06:39
42.6690951237522,-84.645631152847,1.27,48.433,27.230,190.171,2003-01-08T16:06:40
42.66908186904,-84.645631152847,1.27,53.142,27.282,189.529,2003-01-08T16:06:40
42.6690619869663,-84.645622139474,1.36,51.696,25.924,188.551,2003-01-08T16:06:43
42.669048732247,-84.645622139474,1.37,48.584,24.051,189.419,2003-01-08T16:06:44
42.6690288501627,-84.645613126101,1.34,49.144,25.309,190.161,2003-01-08T16:06:46
42.669008968072,-84.645613126101,1.34,49.248,24.128,188.582,2003-01-08T16:06:48
42.6689957133414,-84.645613126101,1.39,47.467,23.072,187.646,2003-01-08T16:06:49
42.668989085975,-84.6456041127281,1.39,47.601,23.947,190.237,2003-01-08T16:06:50
42.668982458608,-84.6455950993551,1.37,50.027,25.107,190.623,2003-01-08T16:06:50
42.6689758312402,-84.6455770726091,1.40,52.492,25.154,187.527,2003-01-08T16:06:52
42.668982458608,-84.6455500324902,1.51,51.231,23.859,185.337,2003-01-08T16:06:54
42.668989085975,-84.6455320057443,1.57,48.503,24.794,183.595,2003-01-08T16:06:54
42.6689957133414,-84.6455229923713,1.57,46.238,24.035,181.901,2003-01-08T16:06:56
42.6690023407071,-84.6455049656253,1.61,46.334,23.563,181.073,2003-01-08T16:06:57
42.669008968072,-84.6454869388794,1.65,51.003,26.447,183.391,2003-01-08T16:06:57
42.6690155954363,-84.6454779255064,1.69,60.345,30.471,187.657,2003-01-08T16:06:58
42.6690288501627,-84.6454598987605,1.70,63.604,34.614,190.327,2003-01-08T16:07:00
42.6690421048863,-84.6454508853875,1.75,61.738,36.701,190.934,2003-01-08T16:07:01
42.669055359607,-84.6454508853875,1.74,63.392,37.688,191.947,2003-01-08T16:07:02
42.6690686143249,-84.6454418720145,1.76,60.441,35.903,192.243,2003-01-08T16:07:03
42.66908186904,-84.6454508853875,1.76,55.537,31.621,191.189,2003-01-08T16:07:04
42.6690951237522,-84.6454598987605,1.77,51.620,27.603,188.079,2003-01-08T16:07:05
42.6691017511073,-84.6454779255064,1.71,50.150,24.898,185.781,2003-01-08T16:07:06
42.6691083784617,-84.6454959522524,1.60,48.688,22.837,185.675,2003-01-08T16:07:07
42.6691083784617,-84.6455139789983,1.57,44.563,21.580,184.471,2003-01-08T16:07:08
42.6691017511073,-84.6455320057443,1.60,42.435,22.348,182.188,2003-01-08T16:07:09
42.6690951237522,-84.6455410191172,1.58,40.141,21.865,181.490,2003-01-08T16:07:10
42.6690884963965,-84.6455500324902,1.58,41.800,22.062,183.827,2003-01-08T16:07:10
42.66908186904,-84.6455590458632,1.55,43.149,21.846,183.765,2003-01-08T16:07:12
42.6690752416828,-84.6455680592362,1.53,43.399,22.534,183.936,2003-01-08T16:07:12
42.6690686143249,-84.6455860859821,1.49,44.017,24.869,186.216,2003-01-08T16:07:15
42.6690619869663,-84.6456041127281,1.42,43.270,23.649,187.679,2003-01-08T16:07:16
42.669055359607,-84.645613126101,1.38,42.921,21.190,187.733,2003-01-08T16:07:17
42.669055359607,-84.645631152847,1.38,41.372,21.098,186.831,2003-01-08T16:07:18
42.6690619869663,-84.6456491795929,1.34,41.380,23.171,187.317,2003-01-08T16:07:19
42.6690686143249,-84.6456672063389,1.28,42.602,25.145,189.948,2003-01-08T16:07:20
42.6690752416828,-84.6456762197118,1.23,45.379,25.475,191.797,2003-01-08T16:07:20
42.66908186904,-84.6456852330848,1.22,50.106,-1.000,190.332,2003-01-08T16:07:22
42.6690951237522,-84.6456942464578,1.27,48.891,-1.000,189.687,2003-01-08T16:07:23
42.6691083784617,-84.6457032598308,1.24,46.957,-1.000,192.375,2003-01-08T16:07:26
42.6691150058153,-84.6457122732037,1.24,48.450,-1.000,195.481,2003-01-08T16:07:30
42.6691216331683,-84.6457212865767,1.24,47.722,-1.000,195.455,2003-01-08T16:07:36
42.6691348878721,-84.6457212865767,1.27,46.087,-1.000,193.827,2003-01-08T16:07:40
42.6691415152229,-84.6457302999497,1.28,46.879,-1.000,193.564,2003-01-08T16:07:41
42.669148142573,-84.6457393133227,1.29,46.309,-1.000,192.681,2003-01-08T16:07:43
42.6691547699224,-84.6457483266957,1.31,43.918,-1.000,192.955,2003-01-08T16:07:44
42.6691680246191,-84.6457573400686,1.32,45.337,-1.000,194.259,2003-01-08T16:07:46
42.6691746519664,-84.6457663534416,1.27,45.415,-1.000,192.367,2003-01-08T16:07:47
42.669181279313,-84.6457753668146,1.30,42.305,-1.000,189.173,2003-01-08T16:07:48
42.6691945340041,-84.6457753668146,1.35,40.632,-1.000,188.289,2003-01-08T16:07:48
42.6692077886923,-84.6457753668146,1.33,46.924,-1.000,190.426,2003-01-08T16:07:51
42.6692210433777,-84.6457753668146,1.40,50.352,24.514,190.951,2003-01-08T16:07:52
42.6692409254005,-84.6457753668146,1.38,46.854,23.935,189.535,2003-01-08T16:07:54
42.669260807417,-84.6457753668146,1.41,46.513,24.039,189.014,2003-01-08T16:07:56
42.6692806894271,-84.6457753668146,1.39,39.165,17.863,191.131,2003-01-08T16:07:58
42.6693005714308,-84.6457753668146,1.34,30.435,9.059,193.192,2003-01-08T16:08:00
42.6693204534282,-84.6457753668146,1.46,36.241,14.325,189.639,2003-01-08T16:08:02
42.6693403354192,-84.6457753668146,1.47,47.453,22.255,188.948,2003-01-08T16:08:04
42.6693469627481,-84.6457843801875,1.47,50.667,24.100,190.061,2003-01-08T16:08:05
42.6693602174038,-84.6457843801875,1.47,48.941,24.793,188.446,2003-01-08T16:08:06
42.6693800993821,-84.6457843801875,1.51,46.422,23.913,187.073,2003-01-08T16:08:07
42.6693999813541,-84.6457933935605,1.55,44.359,25.274,187.102,2003-01-08T16:08:10
42.6694132359985,-84.6458024069335,1.55,43.804,26.196,188.634,2003-01-08T16:08:12
42.6694264906401,-84.6458024069335,1.50,43.864,24.678,189.927,2003-01-08T16:08:13
42.6694463725972,-84.6458114203065,1.47,43.419,22.972,189.240,2003-01-08T16:08:15
42.6694596272317,-84.6458204336794,1.47,43.996,23.287,185.968,2003-01-08T16:08:17
42.6694728818634,-84.6458204336794,1.44,43.179,23.527,186.753,2003-01-08T16:08:18
42.6694795091782,-84.6458294470524,1.44,44.397,23.856,187.919,2003-01-08T16:08:19
42.6694927638057,-84.6458294470524,1.41,45.039,24.218,187.482,2003-01-08T16:08:20
42.6694993911184,-84.6458384604254,1.39,40.354,18.817,186.354,2003-01-08T16:08:21
42.6695192730521,-84.6458384604254,1.36,45.606,20.338,184.823,2003-01-08T16:08:22
42.6695325276711,-84.6458384604254,1.35,51.058,25.681,184.570,2003-01-08T16:08:25
42.6695524095943,-84.6458384604254,1.39,50.514,26.466,185.508,2003-01-08T16:08:27
42.6695590369006,-84.6458294470524,1.40,53.147,28.762,186.759,2003-01-08T16:08:27
42.6695722915111,-84.6458294470524,1.40,45.589,22.571,186.036,2003-01-08T16:08:30
42.6695855461188,-84.6458204336794,1.29,24.522,7.665,187.866,2003-01-08T16:08:32
42.6695988007236,-84.6458204336794,1.19,10.191,-1.000,188.177,2003-01-08T16:08:33
42.6696120553257,-84.6458204336794,1.14,9.474,0.001,185.430,2003-01-08T16:08:34
42.6696253099249,-84.6458204336794,1.19,12.301,0.002,184.061,2003-01-08T16:08:37
42.6696385645212,-84.6458204336794,1.23,18.508,2.560,189.238,2003-01-08T16:08:39
42.6696518191148,-84.6458204336794,1.10,25.650,4.064,195.024,2003-01-08T16:08:44
42.6696584464105,-84.6458294470524,1.03,20.156,3.388,193.141,2003-01-08T16:08:48
42.6696717009998,-84.6458294470524,0.93,11.175,0.651,190.796,2003-01-08T16:08:53
42.6696650737055,-84.6458384604254,0.74,9.328,0.052,191.230,2003-01-08T16:09:02
42.6696584464105,-84.6458294470524,0.85,9.223,0.098,186.537,2003-01-08T16:09:08
42.6696717009998,-84.6458294470524,0.89,9.707,0.140,182.681,2003-01-08T16:09:18
42.6696783282934,-84.6458204336794,0.87,19.146,3.233,185.517,2003-01-08T16:09:23
42.6696915828785,-84.6458114203065,0.96,41.643,15.045,189.656,2003-01-08T16:09:30
42.66969821017,-84.6458024069335,0.99,57.078,27.487,192.543,2003-01-08T16:09:32
42.6697048374607,-84.6457933935605,1.02,60.509,34.486,193.865,2003-01-08T16:09:35
42.6697180920401,-84.6457933935605,1.00,62.590,38.286,193.883,2003-01-08T16:09:38
42.6697313466167,-84.6457933935605,1.03,62.981,39.011,193.245,2003-01-08T16:09:41
42.6697446011905,-84.6457843801875,1.07,63.477,38.236,192.391,2003-01-08T16:09:45
42.6697512284763,-84.6457753668146,0.83,70.615,39.845,194.005,2003-01-08T16:09:50
42.6697578557614,-84.6457663534416,1.11,75.062,41.333,195.875,2003-01-08T16:09:53
42.6697711103295,-84.6457573400686,1.25,76.643,40.283,193.804,2003-01-08T16:09:56
42.6697777376125,-84.6457483266957,1.27,78.769,-1.000,194.164,2003-01-08T16:09:59
42.6697843648948,-84.6457393133227,1.27,79.821,-1.000,196.648,2003-01-08T16:10:00
42.6697976194572,-84.6457302999497,1.26,81.754,-1.000,196.489,2003-01-08T16:10:02
42.6698042467374,-84.6457212865767,1.29,77.951,-1.000,194.498,2003-01-08T16:10:04
42.6698175012957,-84.6457122732037,1.24,72.508,39.418,192.614,2003-01-08T16:10:06
42.669830755851,-84.6457032598308,1.05,74.160,41.961,195.029,2003-01-08T16:10:09
42.6698440104036,-84.6457032598308,0.95,74.484,39.803,197.657,2003-01-08T16:10:11
42.6698572649533,-84.6457032598308,1.10,68.878,31.049,196.665,2003-01-08T16:10:13
42.6698705195002,-84.6457032598308,1.20,64.261,26.119,196.107,2003-01-08T16:10:17
42.6698837740443,-84.6457032598308,1.19,63.507,27.772,193.870,2003-01-08T16:10:23
42.6698970285856,-84.6457032598308,1.50,61.077,29.683,191.848,2003-01-08T16:10:28
42.6699036558551,-84.6456942464578,1.34,63.297,29.938,192.247,2003-01-08T16:10:31
42.6699169103922,-84.6456942464578,1.41,61.723,27.543,192.189,2003-01-08T16:10:37
42.6699235376596,-84.6456852330848,1.73,50.733,28.500,191.068,2003-01-08T16:10:41
42.6699301649264,-84.6456762197118,1.87,48.804,32.919,190.601,2003-01-08T16:10:46
42.6699367921924,-84.6456672063389,1.83,51.559,33.041,192.477,2003-01-08T16:10:52
42.6699500467223,-84.6456672063389,1.87,51.981,33.615,193.411,2003-01-08T16:10:54
42.6699434194577,-84.6456762197118,1.77,50.577,32.624,190.974,2003-01-08T16:11:02
42.6699434194577,-84.6456942464578,1.57,48.336,28.541,189.665,2003-01-08T16:11:12
42.6699500467223,-84.6457032598308,1.46,34.583,16.912,189.155,2003-01-08T16:11:16
42.6699500467223,-84.6457212865767,1.03,16.478,4.633,198.150,2003-01-08T16:11:19
42.6699566739863,-84.6457302999497,0.47,22.508,7.571,203.685,2003-01-08T16:11:25
42.6699500467223,-84.6457393133227,0.75,37.428,17.854,200.384,2003-01-08T16:11:31
42.6699434194577,-84.6457302999497,0.59,49.290,27.615,202.413,2003-01-08T16:11:36
42.6699500467223,-84.6457393133227,0.70,49.032,25.092,201.493,2003-01-08T16:11:43
42.6699566739863,-84.6457302999497,0.97,41.104,16.078,197.096,2003-01-08T16:11:59
42.6699633012495,-84.6457212865767,1.13,48.469,18.128,194.256,2003-01-08T16:12:15
